NR_CANDIDATO,NM_CANDIDATO,SG_PARTIDO,DS_SIT_TOT_TURNO,QT_VOTOS_NOMINAIS,ANO
1000,CELSO UBIRAJARA RUSSOMANNO,PRB,ELEITO POR QP,521728,2018
1001,EDSON FRANCISCO DE SANTANA,PRB,SUPLENTE,4911,2018
1002,ELIANA SABÁ,PRB,SUPLENTE,391,2018
1003,EDILUZA MARIA DA SILVA DOS SANTOS,PRB,SUPLENTE,753,2018
1004,AFFONSO SALATI FILHO,PRB,SUPLENTE,2623,2018
1005,VICTOR AUGUSTO VILANUEVA GOMES,PRB,SUPLENTE,254,2018
1006,MICHEL DE LIMA CHAUSSE,PRB,SUPLENTE,1778,2018
1007,WANDEMBERG MARQUES DA SILVA,PRB,SUPLENTE,2001,2018
1008,EDSON COQUEIRO FILHO,PRB,SUPLENTE,2606,2018
1009,VAGNER CLEBER CHIAPETTI,PRB,SUPLENTE,12409,2018
1010,MARCOS ANTONIO PEREIRA,PRB,ELEITO POR QP,139165,2018
1011,ALEXANDRE ARAUJO DAUAGE,PRB,SUPLENTE,11022,2018
1012,ALEX FERNANDO BRAGA,PRB,SUPLENTE,5075,2018
1013,ADAO DIVINO DO NASCIMENTO,PRB,SUPLENTE,1757,2018
1014,ALEXANDRO DE ARAUJO,PRB,SUPLENTE,15052,2018
1015,RITA DE CÁSSIA SANTANA ALBANEZ,PRB,SUPLENTE,5847,2018
1016,WANDERLEY AYRES JUNIOR,PRB,SUPLENTE,435,2018
1017,CAROLINE GROOT,PRB,SUPLENTE,1125,2018
1018,MARIA NASARÉ DA GUIA AZEVEDO,PRB,SUPLENTE,3132,2018
1019,LEANDRO MOREIRA,PRB,SUPLENTE,7484,2018
1020,ANGELA MÁRCIA FIRMO BAVINI,PRB,SUPLENTE,4392,2018
1021,LUIZ CARLOS DONEGA NETO,PRB,SUPLENTE,5282,2018
1022,MARIA DO PARTO MENDES ROSAS,PRB,ELEITO POR MÉDIA,71745,2018
1023,HENRIQUE STEIN SCIASCIO,PRB,SUPLENTE,54113,2018
1024,GILMARA NASCIMENTO DA SILVA,PRB,SUPLENTE,1885,2018
1025,LUCILENA RIBEIRO DA SILVA,PRB,SUPLENTE,645,2018
1026,JEFFERSON MARIO AMARAL,PRB,SUPLENTE,2374,2018
1027,CAMILA GRASIELE SANGREGORIO SOARES,PRB,SUPLENTE,2213,2018
1028,ANA KARIN DIAS DE ALMEIDA ANDRADE,PRB,SUPLENTE,1319,2018
1029,NILO SERGIO MACHADO,PRB,SUPLENTE,117,2018
1030,ALCIDES BELUCI NETO,PRB,SUPLENTE,7664,2018
1031,RENE ROSA,PRB,SUPLENTE,954,2018
1032,ABEL DO PORTO SANTOS,PRB,SUPLENTE,4231,2018
1033,SHAKESPEARE VIANA CARVALHO,PRB,SUPLENTE,23666,2018
1034,GERALDO DOS REIS BORGES,PRB,SUPLENTE,1738,2018
1035,JOAO AGUIAR RIBEIRO,PRB,SUPLENTE,4164,2018
1036,ANA REGINA MACHADO COUTO,PRB,SUPLENTE,438,2018
1037,GERALDO JANUARIO DO NASCIMENTO,PRB,SUPLENTE,370,2018
1038,GABRIEL ROCHA KANNER,PRB,SUPLENTE,27324,2018
1039,RUBENS SANCHEZ PROENÇA,PRB,SUPLENTE,133,2018
1040,RICARDO MOLINA DIAS,PRB,SUPLENTE,21312,2018
1041,GILDO JOSE PEDROSA,PRB,SUPLENTE,1475,2018
1042,APARECIDA FERREIRA ALVES DA SILVA,PRB,SUPLENTE,339,2018
1043,SANDRA REGINA FELICIO WHITAKER,PRB,SUPLENTE,822,2018
1044,LUIS CARLOS DE SOUZA,PRB,SUPLENTE,5650,2018
1045,EDUARDO JANZON AVALLONE NOGUEIRA,PRB,SUPLENTE,23558,2018
1046,CREUZA PEREIRA SOARES,PRB,SUPLENTE,364,2018
1047,AGRIPINO PEREIRA DE SENA,PRB,SUPLENTE,976,2018
1048,ANTONIO DE SOUZA BRANDAO,PRB,SUPLENTE,269,2018
1049,MURILLO ANDREU RUBIO,PRB,SUPLENTE,2651,2018
1050,JOSE LEMES SOARES,PRB,SUPLENTE,15126,2018
1051,GILSON DE SOUZA JUNIOR,PRB,SUPLENTE,16112,2018
1052,RICARDO ELIAS IRALLA,PRB,SUPLENTE,786,2018
1053,MAURICIO DOMINGUES DA SILVA,PRB,SUPLENTE,4814,2018
1055,MILTON VIEIRA PINTO,PRB,ELEITO POR QP,77413,2018
1056,VLADIMIR RYUJI TANAKA,PRB,SUPLENTE,924,2018
1058,JULIANA LUCIANO DOS SANTOS,PRB,SUPLENTE,728,2018
1059,GILSON PEREIRA DE MENEZES,PRB,SUPLENTE,4474,2018
1060,GILMAR ANDRE DOS SANTOS NEVES DE LAVOR,PRB,SUPLENTE,2211,2018
1061,NILSON BONOME,PRB,SUPLENTE,10025,2018
1062,VILMA APARECIDA DE ALMEIDA,PRB,SUPLENTE,225,2018
1063,LUIZ CARLOS BOMBONATO GOULART,PRB,SUPLENTE,14215,2018
1064,PAULO GUILHERME FRANZIN,PRB,SUPLENTE,16775,2018
1065,JOAO RICARDO GARCIA CARVALHO DA SILVA,PRB,SUPLENTE,13269,2018
1066,GUILHERME AUGUSTO SANCHES RIBEIRO,PRB,SUPLENTE,24380,2018
1067,MILAINE CRISTINA LEITE RUVIÉRE CALAZANS,PRB,SUPLENTE,6186,2018
1068,MARILDA FELIPE,PRB,SUPLENTE,2929,2018
1069,ROBERTO MIGUEL REY JUNIOR,PRB,SUPLENTE,13321,2018
1070,EDEN SIROLI RIBEIRO,PRB,SUPLENTE,5782,2018
1071,CRISTIANO RODRIGO DA SILVA,PRB,SUPLENTE,1297,2018
1072,MARCELO APARECIDO DA SILVA,PRB,SUPLENTE,160,2018
1073,MARCOS OSNI DE CAMPOS,PRB,SUPLENTE,510,2018
1074,ANTONIO ZACARIAS DA SILVA,PRB,SUPLENTE,1066,2018
1075,JOSE RIBAMAR DOS SANTOS,PRB,SUPLENTE,807,2018
1076,PAULA FERNANDA SAMPAIO,PRB,SUPLENTE,232,2018
1077,EVERSON MARCOS DE OLIVEIRA,PRB,SUPLENTE,6615,2018
1078,BENEDITO ROBERTO ALVES FERREIRA,PRB,ELEITO POR QP,82097,2018
1079,ROMEU TUMA JUNIOR,PRB,SUPLENTE,13343,2018
1080,MARCELO SQUASSONI,PRB,SUPLENTE,36773,2018
1081,IONE MELO MACHADO ANANIAS,PRB,SUPLENTE,500,2018
1082,CARLOS ALBERTO ADAO,PRB,SUPLENTE,965,2018
1083,ERIKA LAUREN DE ARRUDA,PRB,SUPLENTE,270,2018
1084,RENATA BANHARA PEIXOTO MARCONDES,PRB,SUPLENTE,12659,2018
1085,VINICIUS RAPOZO DE CARVALHO,PRB,ELEITO POR QP,97862,2018
1087,ELIANE DE SOUSA ALVES MACHADO,PRB,SUPLENTE,49426,2018
1088,SONIA MARIA ALVES PEREIRA,PRB,SUPLENTE,318,2018
1089,ELIZABETE TOSHIHO TAIDA OTSU,PRB,SUPLENTE,365,2018
1090,APARECIDO SERIO DA SILVA,PRB,SUPLENTE,8729,2018
1091,MAURICIO DOMINGOS DE SOUSA,PRB,SUPLENTE,611,2018
1092,ALESSANDRA DA SILVA SANTOS,PRB,SUPLENTE,1181,2018
1093,GISLENE APARECIDA TAVARES DE ASSIS,PRB,SUPLENTE,1034,2018
1094,VALDECIR ANTONIO DA SILVA,PRB,SUPLENTE,273,2018
1095,MARCOS ROBERTO VICENTE,PRB,SUPLENTE,1751,2018
1096,RICARDO ANTONIO BUAINAIN DIAS,PRB,SUPLENTE,2593,2018
1097,MAIRA FABRICIA PINTO,PRB,SUPLENTE,342,2018
1098,ADEMIR JOSE DA SILVA,PRB,SUPLENTE,2042,2018
1099,ISRAEL SAMPAIO DE LACERDA FILHO,PRB,SUPLENTE,18197,2018
1100,GUILHERME MUSSI FERREIRA,PP,ELEITO POR QP,134301,2018
1111,RICARDO IZAR JUNIOR,PP,ELEITO POR QP,121869,2018
1123,FAUSTO RUY PINATO,PP,ELEITO POR QP,118684,2018
1133,JUSSARA MORO PRESTO,PP,SUPLENTE,2985,2018
1152,ARNALDO FARIA DE SÁ,PP,SUPLENTE,85381,2018
1190,GUILHERME MURARO DERRITE,PP,ELEITO POR QP,119034,2018
1200,TABATA CLAUDIA AMARAL DE PONTES,PDT,ELEITO POR QP,264450,2018
1206,PATRICIA DE JESUS,PDT,SUPLENTE,384,2018
1208,VERA LUCIA DOS SANTOS,PDT,SUPLENTE,1569,2018
1210,MARCOS ANTONIO HENRIQUE DE SOUZA,PDT,SUPLENTE,1240,2018
1216,PRISCILA DE FÁTIMA BELTRAN SANTOS,PDT,SUPLENTE,179,2018
1219,WANDERLEY MOREIRA DE CARVALHO,PDT,SUPLENTE,1350,2018
1220,JOSE FERREIRA CAMPOS FILHO,PDT,SUPLENTE,2846,2018
1222,GERSON HENRIQUE SARTORI,PDT,SUPLENTE,15566,2018
1223,MARIO SERGIO TASSINARI,PDT,SUPLENTE,4732,2018
1229,JOSE ANTONIO ALVES DA SILVA,PDT,SUPLENTE,1205,2018
1233,AIRES RIBEIRO,PDT,SUPLENTE,13544,2018
1234,SEBASTIÃO ALVES DE ALMEIDA,PDT,SUPLENTE,29197,2018
1237,NEZINHO GONÇALVES NUNES,PDT,SUPLENTE,1893,2018
1240,ANA CLAUDIA FERREIRA DE PAIVA,PDT,SUPLENTE,2157,2018
1243,TERESINHA DE JESUS BALDINO,PDT,SUPLENTE,1850,2018
1254,ANDRÉ LUIS DE MORAES,PDT,SUPLENTE,1487,2018
1255,ANDRE APARECIDO DA ROCHA,PDT,SUPLENTE,1462,2018
1256,ANTONIO HERNANDES DA SILVA PASSOS,PDT,SUPLENTE,1087,2018
1260,SILAS CARLOS DE OLIVERIA,PDT,SUPLENTE,2725,2018
1262,JOSE WANDERLEY DE ANDRADE,PDT,SUPLENTE,4803,2018
1270,ELZA ALVES DE CARVALHO,PDT,SUPLENTE,1107,2018
1277,AURELINO ALVES DOS SANTOS JUNIOR,PDT,SUPLENTE,1767,2018
1288,MARCOS TADEU GOMES,PDT,SUPLENTE,703,2018
1289,LEDA MARIA SILVA SPERANDIO,PDT,SUPLENTE,477,2018
1299,CELIO DA SILVA FRANCO,PDT,SUPLENTE,1935,2018
1300,STELA REGINA DALECIO,PT,SUPLENTE,10756,2018
1301,PAULA FRANCINETE COSTA LEITE,PT,SUPLENTE,9462,2018
1303,VALDOMIRO DA PURIFICAÇÃO OLIVEIRA,PT,SUPLENTE,780,2018
1304,TELMA SANDRA AUGUSTO DE SOUZA,PT,SUPLENTE,32515,2018
1305,ARNOR BARBOSA DOS SANTOS,PT,SUPLENTE,662,2018
1306,JOÃO CARLOS FRANÇA DE PAULA SANTOS,PT,SUPLENTE,6308,2018
1307,MARIANA ROSSETO SANTOS,PT,SUPLENTE,6278,2018
1309,GERALDO ALVES DIONÍSIO,PT,SUPLENTE,357,2018
1310,IZÍDIO DE BRITO CORREIA,PT,SUPLENTE,40071,2018
1312,ODERLAN PEREIRA DE SOUZA,PT,SUPLENTE,13043,2018
1313,RUI GOETHE DA COSTA FALCÃO,PT,ELEITO POR QP,158389,2018
1314,MARINALVA GONÇALVES DE BRITO,PT,SUPLENTE,5181,2018
1315,RONALDO JOSE LACERDA,PT,SUPLENTE,15868,2018
1316,ELVIS ANTUNES RUAS,PT,SUPLENTE,1587,2018
1317,CARLOS ALBERTO PEREIRA BEZERRA,PT,SUPLENTE,1386,2018
1318,MARCIO POCHMANN,PT,SUPLENTE,53261,2018
1319,RICARDO ALVES MARINHO,PT,SUPLENTE,1944,2018
1320,JÚLIA MARTIN DA CRUZ,PT,SUPLENTE,8782,2018
1321,ANA LUCIA LIPPAUS PERUGINI,PT,SUPLENTE,49986,2018
1322,ARLINDO CHIGNALIA JUNIOR,PT,ELEITO POR QP,87449,2018
1323,OCIDENE JANUARIO DA SILVA SANTANA,PT,SUPLENTE,2956,2018
1324,JOSE ANTONIO DO CARMO CRUZ,PT,SUPLENTE,1236,2018
1325,JOSE DE FILIPPI JUNIOR,PT,SUPLENTE,43382,2018
1326,JOSE MAURO FAGUNDES DE SOUSA,PT,SUPLENTE,2140,2018
1327,MARIA APARECIDA MARQUES DE SIMONI,PT,SUPLENTE,641,2018
1331,SETIMA MARIA VIEIRA DE ARAUJO,PT,SUPLENTE,8873,2018
1332,JOSE MENTOR GUILHERME DE MELLO NETTO,PT,SUPLENTE,55022,2018
1333,JULIANA CARDOSO,PT,SUPLENTE,54746,2018
1334,WILSON NUNES CERQUEIRA,PT,SUPLENTE,2376,2018
1335,VALMIR PRASCIDELLI,PT,SUPLENTE,43224,2018
1336,JOSÉ REINALDO PEREIRA,PT,SUPLENTE,2397,2018
1337,CICERA MARIA DA CONCEIÇÃO,PT,SUPLENTE,857,2018
1338,GILDENOR ALVES FREIRE,PT,SUPLENTE,1734,2018
1339,REGINALDO CAMILO DOS SANTOS,PT,SUPLENTE,9001,2018
1342,DAVID JOSÉ FELICIANO,PT,SUPLENTE,1663,2018
1344,RINALDO LUIZ WOLF,PT,SUPLENTE,1817,2018
1345,CARLOS JANUÁRIO,PT,SUPLENTE,7086,2018
1346,CARLOS CÉSAR GONÇALVES,PT,SUPLENTE,1864,2018
1347,ALEX OLIVEIRA DA SILVA,PT,SUPLENTE,1105,2018
1350,AMÉLIA NAOMI OMURA,PT,SUPLENTE,38200,2018
1351,CHEILA MARIA SUBENKO OLALLA,PT,SUPLENTE,2317,2018
1352,MARILIA ELENA DA SILVA RIBEIRO,PT,SUPLENTE,1260,2018
1353,NILTO IGNACIO TATTO,PT,ELEITO POR QP,124281,2018
1354,ALEXANDRE ROCHA SANTOS PADILHA,PT,ELEITO POR QP,87576,2018
1355,ELAINE CRISTINA LOPES TERRON,PT,SUPLENTE,4575,2018
1356,EDSON DA PAZ,PT,SUPLENTE,1816,2018
1358,ALENCAR SANTANA BRAGA,PT,ELEITO POR MÉDIA,67892,2018
1359,JORGE AUGUSTO ROQUE SOUZA,PT,SUPLENTE,4520,2018
1360,EDNA DA SILVA DELLA NINA,PT,SUPLENTE,1931,2018
1363,ANA MARIA DO CARMO ROSSETO,PT,SUPLENTE,51818,2018
1364,ADMILSON LUCIO OLIVEIRA,PT,SUPLENTE,13591,2018
1365,ANDRE BASTIANON PONTES,PT,SUPLENTE,2218,2018
1366,MARIANA CERGOLI JANEIRO,PT,SUPLENTE,10852,2018
1367,EDIO LOPES DOS SANTOS,PT,SUPLENTE,3132,2018
1368,EDUARDO MARCHIORI LEITE DA SILVA,PT,SUPLENTE,22669,2018
1369,CLAUDIO RAMOS MOREIRA,PT,SUPLENTE,8050,2018
1370,CARLOS ALBERTO ROLIM ZARATTINI,PT,ELEITO POR QP,137909,2018
1373,BRUNO RAMOS DA SILVA,PT,SUPLENTE,3420,2018
1375,MARIO FERREIRA,PT,SUPLENTE,4355,2018
1377,CARLOS EDUARDO GABAS,PT,SUPLENTE,45045,2018
1378,CLAUDIO COSTA SANTOS,PT,SUPLENTE,1172,2018
1379,JOSÉ BARBOSA DOS SANTOS SILVA,PT,SUPLENTE,969,2018
1380,PAOLLA CATHERINE DOS SANTOS MIGUEL AGARD,PT,SUPLENTE,10431,2018
1381,MARIO YUKIYASU TERUYA,PT,SUPLENTE,2268,2018
1383,IVANIO BATISTA DA SILVA,PT,SUPLENTE,730,2018
1386,GABRIELA EVANGELISTA ARANTES DA SILVA,PT,SUPLENTE,1975,2018
1387,ELOI ALFREDO PIETÁ,PT,SUPLENTE,60604,2018
1388,MARIA ROSA PEREIRA OLIVEIRA,PT,SUPLENTE,1693,2018
1389,ALFREDO ALVES CAVALCANTE,PT,SUPLENTE,62146,2018
1390,VICENTE PAULO DA SILVA,PT,ELEITO POR QP,70645,2018
1398,LUIZ PAULO TEIXEIRA FERREIRA,PT,ELEITO POR QP,78512,2018
1399,FRANCISCO DAS CHAGAS FRANCILINO,PT,SUPLENTE,36415,2018
1400,MARCELO ROBERTO GASTALDO,PTB,SUPLENTE,10739,2018
1405,PAULO KENJI SASAKI,PTB,SUPLENTE,7347,2018
1410,MARIA ANGELICA MARIANO,PTB,SUPLENTE,2886,2018
1411,PAULO JORGE VALENTIM,PTB,SUPLENTE,2433,2018
1414,MARLENE OLIVEIRA DE CAMPOS MACHADO,PTB,SUPLENTE,47684,2018
1415,EDSON DE JESUS SARDANO,PTB,SUPLENTE,15527,2018
1420,CLAYTON JUN NITTA,PTB,SUPLENTE,1397,2018
1423,WILLIANS SANTOS,PTB,SUPLENTE,5656,2018
1430,MARIA DE LURDES FARIA DE GODOI,PTB,SUPLENTE,2488,2018
1433,ANTONIO RAPOSO PATRICIO,PTB,SUPLENTE,3526,2018
1434,NELSON MARQUEZELLI,PTB,SUPLENTE,33843,2018
1440,JUAREZ PEREIRA DA SILVA,PTB,SUPLENTE,9257,2018
1441,SEVERINO TINHA DI FERREIRA DOS SANTOS,PTB,SUPLENTE,2724,2018
1444,IVANILDO GOMES NOGUEIRA,PTB,SUPLENTE,5961,2018
1445,ARTHUR VIANA DA SILVA,PTB,SUPLENTE,2021,2018
1450,KARINA MASSI,PTB,SUPLENTE,925,2018
1451,MARIA TERESINHA DE JESUS PEDROZA,PTB,SUPLENTE,17280,2018
1452,FRANCISCO PEREIRA DE SOUSA FILHO,PTB,SUPLENTE,7965,2018
1456,MARCIA BUENO DA SILVA,PTB,SUPLENTE,891,2018
1466,ALEXANDRE MORAES DE ALVARENGA RANGEL,PTB,SUPLENTE,2895,2018
1470,FLAVIA DOS SANTOS DIAS,PTB,SUPLENTE,666,2018
1477,GISELA MARIANA VASCONCELOS MONTEIRO DE CARVALHO,PTB,SUPLENTE,2687,2018
1480,ALEX DE CARVALHO RODRIGUES,PTB,SUPLENTE,843,2018
1488,MORGANA APARECIDA VENERANDO MICHELETT CARDOSO,PTB,SUPLENTE,251,2018
1490,CATIA MARISA TAPPI,PTB,SUPLENTE,309,2018
1500,PAULO ROBERTO GOMES MANSUR,MDB,SUPLENTE,27613,2018
1501,MARTA LÍVIA BARRAGANA FERNANDES SUPLICY,MDB,SUPLENTE,1506,2018
1502,DAMIAO ANTONIO DA SILVA,MDB,SUPLENTE,639,2018
1503,CARLA CRISTINA MASSARO FLORES,MDB,SUPLENTE,2525,2018
1504,BRAZ BELLO JUNIOR,MDB,SUPLENTE,2107,2018
1505,MARCOS AURELIO VILLARDI,MDB,SUPLENTE,2365,2018
1507,ANTONIO RAIMUNDO MATIAS DOS SANTOS,MDB,SUPLENTE,11315,2018
1509,FERNANDO RACHAS RIBEIRO,MDB,SUPLENTE,1421,2018
1510,FAUSTO GUILHERME LONGO,MDB,SUPLENTE,9042,2018
1511,JOSÉ NUNES FILHO,MDB,SUPLENTE,2008,2018
1512,REGINA LEITE TOLENTINO,MDB,SUPLENTE,4233,2018
1514,PAULA TACIANA TEODORO,MDB,SUPLENTE,696,2018
1515,LUIZ FELIPE BALEIA TENUTO ROSSI,MDB,ELEITO POR QP,214042,2018
1516,PILTON RIOS DE BARROS FELIX PEREIRA,MDB,SUPLENTE,759,2018
1517,PAULA ANDREA GARCIA MEIRELLES,MDB,SUPLENTE,734,2018
1518,REINALDO DE OLIVEIRA COELHO,MDB,SUPLENTE,1536,2018
1519,PAULO ROBERTO DE JESUS,MDB,SUPLENTE,2709,2018
1520,ANA PAULA RETUCI,MDB,SUPLENTE,1997,2018
1521,AGUINALDO TRIUMPHO AVELLAR,MDB,SUPLENTE,2155,2018
1522,CHARLES GUTEMBERG GOMES DOS SANTOS,MDB,SUPLENTE,2729,2018
1523,YGOR SILVEIRA BUENO,MDB,SUPLENTE,3445,2018
1525,ARIADINE FERREIRA ESPINDOLA,MDB,SUPLENTE,565,2018
1528,CIRO NEGRETI DIAS,MDB,SUPLENTE,1314,2018
1529,ADRIANA ARAUJO BARGAS,MDB,SUPLENTE,3238,2018
1530,PRISCILA PEREIRA,MDB,SUPLENTE,3327,2018
1531,ROSANGELA RIBEIRO DE ALMEIDA,MDB,SUPLENTE,488,2018
1532,OMAR COUTO DA SILVA,MDB,SUPLENTE,330,2018
1535,SATURNINO DE SALES SANTOS,MDB,SUPLENTE,298,2018
1537,MARCO ANTONIO NOTARI,MDB,SUPLENTE,197,2018
1540,CIDIMAR ROBERTO PORTO,MDB,SUPLENTE,3272,2018
1541,SELMA DE MORAES,MDB,SUPLENTE,758,2018
1543,ROBERTO DELFINO DA SILVA,MDB,SUPLENTE,4119,2018
1544,TAIS TANARA NOGUEIRA NAUFEL,MDB,SUPLENTE,609,2018
1545,EDUARDO RODRIGUES XAVIER,MDB,SUPLENTE,8042,2018
1549,SANDRA CANDIDO MORETTI,MDB,SUPLENTE,7767,2018
1550,RICARDO LUIS REIS NUNES,MDB,SUPLENTE,47258,2018
1551,HERCULANO CASTILHO PASSOS JUNIOR,MDB,ELEITO POR MÉDIA,49653,2018
1552,DAYANA APARECIDA FRANCO,MDB,SUPLENTE,1972,2018
1553,ROBERTO JOSÉ DA SILVA,MDB,SUPLENTE,351,2018
1554,DANIEL VERÍSSIMO DOS SANTOS,MDB,SUPLENTE,501,2018
1555,JUNJI ABE,MDB,SUPLENTE,21510,2018
1556,MANOEL DA CRUZ CARLOS VIEIRA,MDB,SUPLENTE,549,2018
1557,MARCOS VINICIUS BRASIL DOS SANTOS,MDB,SUPLENTE,1168,2018
1558,EVERALDO MARIANO DA SILVA,MDB,SUPLENTE,1717,2018
1560,WALDEMAR ANTONIO ZORZI FOELKEL,MDB,SUPLENTE,2161,2018
1561,NAIR FAGUNDES,MDB,SUPLENTE,335,2018
1564,AMELIA ROSA DO NASCIMENTO,MDB,SUPLENTE,227,2018
1565,ZILDA MARIA DA SILVA ALVES,MDB,SUPLENTE,437,2018
1567,MARIA ELISABETE DE PAIVA,MDB,SUPLENTE,2159,2018
1568,JOSÉ SILVESTRE DE OLIVEIRA,MDB,SUPLENTE,347,2018
1570,TIFANNY PEREIRA DE ABREU,MDB,SUPLENTE,3889,2018
1577,ANA PAULA CALVO FARIA,MDB,SUPLENTE,3441,2018
1578,AZAEL RODRIGUES VIEIRA,MDB,SUPLENTE,1609,2018
1580,EDUARDO NAZARENO GAVINO DOS SANTOS JUNIOR,MDB,SUPLENTE,400,2018
1581,WILSON DIAS RIBEIRO,MDB,SUPLENTE,119,2018
1587,ALEXSANDRA APARECIDA BECHELLI SILVA,MDB,SUPLENTE,367,2018
1588,VITOR ALEXANDRE RODRIGUES,MDB,SUPLENTE,18630,2018
1589,MAURICIO APARECIDO GONÇALVES,MDB,SUPLENTE,2860,2018
1590,FLAVIUS COTAIT RUGGIERO,MDB,SUPLENTE,877,2018
1593,HUBER ARISTÓTELES NOGUEIRA DA GAMA,MDB,SUPLENTE,354,2018
1596,MANOEL LIMA DOMINGUES,MDB,SUPLENTE,1872,2018
1598,EDEGAR DE OLIVEIRA ÁVILA,MDB,SUPLENTE,179,2018
1599,NESTOR BERTOLINO NETO,MDB,SUPLENTE,780,2018
1600,CLAUDIO DONIZETE DOS REIS,PSTU,NÃO ELEITO,851,2018
1610,INÊS LEAL DE CASTRO,PSTU,NÃO ELEITO,393,2018
1616,FLAVIA BISCHAIN ROSA,PSTU,NÃO ELEITO,3562,2018
1617,RAFAEL DE ALMEIDA PADIAL,PSTU,NÃO ELEITO,341,2018
1620,WILSON APARECIDO RIBEIRO,PSTU,NÃO ELEITO,448,2018
1630,SHIRLEY SILVERIO RAPOSO,PSTU,NÃO ELEITO,654,2018
1678,ANTÔNIO FERREIRA DE BARROS,PSTU,NÃO ELEITO,1384,2018
1700,MARCIO TADEU ANHAIA DE LEMOS,PSL,ELEITO POR QP,98373,2018
1701,PAULO SERGIO ABOU ANNI,PSL,ELEITO POR QP,69256,2018
1702,LUIZ PHILIPPE DE ORLEANS BRAGANÇA,PSL,ELEITO POR QP,118457,2018
1703,PEDRO AYRES DE SOUZA,PSL,SUPLENTE,3751,2018
1704,ALEXANDRE DONIZETE TEODORO,PSL,SUPLENTE,4856,2018
1705,CLESIO VOLDENEI DE OLIVEIRA ALMEIDA,PSL,SUPLENTE,3077,2018
1707,MARCELO JORGE FRANCISCON,PSL,SUPLENTE,17281,2018
1708,RUBENS NUSQUE JUNIOR,PSL,SUPLENTE,11359,2018
1709,RODRIGO SALOMÃO JUNQUEIRA,PSL,SUPLENTE,14057,2018
1710,CARLA ZAMBELLI SALGADO,PSL,ELEITO POR QP,76306,2018
1712,LUIZ CARLOS DA COSTA VALLE,PSL,SUPLENTE,20461,2018
1715,MARCUS VINICIUS DE ARAUJO DANTAS,PSL,SUPLENTE,19731,2018
1717,ROBERTO SEBASTIÃO PETERNELLI JUNIOR,PSL,ELEITO POR QP,74190,2018
1718,GREICE NAOMI YAMAGUCHI,PSL,SUPLENTE,5905,2018
1720,EDUARDO NANTES BOLSONARO,PSL,ELEITO POR QP,1843735,2018
1721,LUIZA POLYDORO,PSL,SUPLENTE,2830,2018
1723,LEVI GONÇALO CAVALINI,PSL,SUPLENTE,3990,2018
1725,EDGAR SOUZA DOS SANTOS,PSL,SUPLENTE,6184,2018
1727,RICARDO AUGUSTO FELICIO,PSL,SUPLENTE,11163,2018
1728,JONATAS LIMA DE AMORIM,PSL,SUPLENTE,5482,2018
1729,SHEILA LUNDGREN SANI,PSL,SUPLENTE,2043,2018
1733,PATRICIA BUENO NETTO,PSL,SUPLENTE,14825,2018
1736,ROGÉRIO ALBERTO REAME,PSL,SUPLENTE,2008,2018
1737,JOSÉ ADRIANO CASTANHO FERREIRA,PSL,SUPLENTE,24029,2018
1739,LUCIANA BIASI MENDES SILVA,PSL,SUPLENTE,196,2018
1740,ROBSON DOS SANTOS ALVES,PSL,SUPLENTE,2340,2018
1742,LUCAS HENRIQUE TREVIZAN,PSL,SUPLENTE,1242,2018
1743,MARCELO CECCHETTINI,PSL,SUPLENTE,23912,2018
1744,VINICIUS TADEU SATTIN RODRIGUES,PSL,SUPLENTE,25908,2018
1745,MARIO CESAR RODRIGUES,PSL,SUPLENTE,3532,2018
1750,NOILTON SILVESTRE RAMOS,PSL,SUPLENTE,13499,2018
1751,RAMIRO ALVES DA ROCHA CRUZ JUNIOR,PSL,SUPLENTE,1810,2018
1753,PAULO FERNANDO DO CARMO,PSL,SUPLENTE,2147,2018
1755,CLEONICE DE OLIVEIRA,PSL,SUPLENTE,5613,2018
1756,ENEAS PASIN GALVÃO DE CASTRO,PSL,SUPLENTE,5729,2018
1757,ANA CLAUDIA PERES LUCAS LOPES,PSL,SUPLENTE,2483,2018
1758,VALMIR BEBER,PSL,SUPLENTE,22031,2018
1759,ARIADNE FABIANA RODRIGUES ALVARENGA,PSL,SUPLENTE,880,2018
1764,ROGER LIN,PSL,SUPLENTE,6005,2018
1767,OSMAR DELLA PASCHOA JUNIOR,PSL,SUPLENTE,2523,2018
1768,SELMA DE SOUZA RODRIGUES,PSL,SUPLENTE,278,2018
1770,NICOLINO BOZZELLA JUNIOR,PSL,ELEITO POR QP,78712,2018
1771,JOICE CRISTINA HASSELMANN,PSL,ELEITO POR QP,1078666,2018
1773,IVONE GRESSENS,PSL,SUPLENTE,1182,2018
1776,OSMAR BERNARDES JUNIOR,PSL,SUPLENTE,8777,2018
1777,ALEXANDRE FROTA DE ANDRADE,PSL,ELEITO POR QP,155522,2018
1778,MITEL MAZARD,PSL,SUPLENTE,1839,2018
1781,CLEMIR BATISTA RODRIGUES DA SILVA,PSL,SUPLENTE,286,2018
1783,ELISANGELA VALINHO QUEIROZ DOS SANTOS,PSL,SUPLENTE,585,2018
1785,MARGARETE SA DOS REIS,PSL,SUPLENTE,1680,2018
1787,LUCIANE MOREIRA DE SOUZA,PSL,SUPLENTE,649,2018
1788,JOSÉ ROBERTO DE CASTRO,PSL,SUPLENTE,24863,2018
1789,JOSÉ DE CASTRO COIMBRA,PSL,SUPLENTE,19127,2018
1790,JOSÉ GUILHERME NEGRÃO PEIXOTO,PSL,ELEITO POR QP,31718,2018
1791,ANETE MARIA PIZZIMENTI,PSL,SUPLENTE,3228,2018
1795,JUNIA MARCIA ROCHA COIMBRA NAVAS,PSL,SUPLENTE,330,2018
1797,NESTOR DO VAL NETO,PSL,SUPLENTE,1896,2018
1799,ORLANDO APARECIDO TOMASELLA,PSL,SUPLENTE,16422,2018
1800,MARCOS ANDRÉ PAPA,REDE,NÃO ELEITO,23703,2018
1801,CRISTIANE APARECIDA DOS SANTOS BARROS,REDE,NÃO ELEITO,537,2018
1807,CÉSAR ROCHA ANDRADE DA SILVA,REDE,NÃO ELEITO,8055,2018
1808,WELLINGTON NOGUEIRA SANTOS JUNIOR,REDE,NÃO ELEITO,22345,2018
1810,CLÁUDIO ROBERTO DOS SANTOS,REDE,NÃO ELEITO,841,2018
1811,JOSÉ ROGÉRIO MOREIRA SANTANA,REDE,NÃO ELEITO,2191,2018
1815,MARCIA CRISTINA DE OLIVEIRA,REDE,NÃO ELEITO,578,2018
1817,CRISTIANO RICARDO DOS SANTOS,REDE,NÃO ELEITO,875,2018
1818,KAYO FELYPE NACHTAJLER AMADO,REDE,NÃO ELEITO,54944,2018
1819,JOSÉ GUSTAVO FAVARO BARBOSA SILVA,REDE,NÃO ELEITO,15225,2018
1822,PATRICIA SILVA ZANELLA,REDE,NÃO ELEITO,9708,2018
1823,LUIZ FERNANDO DE JESUS,REDE,NÃO ELEITO,550,2018
1828,JUAREZ PEREIRA DIAS,REDE,NÃO ELEITO,870,2018
1830,WAGNER DEOCLECIANO RIBEIRO,REDE,NÃO ELEITO,1572,2018
1833,ISMAEL ANTONIO FREIRE,REDE,NÃO ELEITO,632,2018
1834,CÉLIA DO CARMO SILVA,REDE,NÃO ELEITO,1054,2018
1838,CLAÚDIO DE JESUS PAES,REDE,NÃO ELEITO,1047,2018
1844,RITA DE CÁSSIA MONTEIRO MARZULLO,REDE,NÃO ELEITO,322,2018
1851,ETTORI SOUZA MOREIRA,REDE,NÃO ELEITO,218,2018
1853,LUIZ TADEU CORREIA DA SILVA,REDE,NÃO ELEITO,536,2018
1855,LUCAS COSTA SANTOS,REDE,NÃO ELEITO,347,2018
1858,EDMAR LUZ DE ALMEIDA,REDE,NÃO ELEITO,1795,2018
1870,JACQUELINE MOREIRA DOS SANTOS ALMEIDA,REDE,NÃO ELEITO,2608,2018
1877,SARA JANE RONCOLATO ZANETTI,REDE,NÃO ELEITO,596,2018
1878,ROGÉRIO DIAS DE ANDRADE,REDE,NÃO ELEITO,283,2018
1881,JOÃO CARLOS NAVARRETE FILHO,REDE,NÃO ELEITO,3263,2018
1888,ANTONIO D AGOSTINO,REDE,NÃO ELEITO,2174,2018
1889,EVANDRO JOSÉ GRATON,REDE,NÃO ELEITO,245,2018
1898,MARIA EDUARDA CÚRIO ALCÂNTARA E SILVA,REDE,NÃO ELEITO,12538,2018
1899,CARLOS ALBERTO DOS SANTOS,REDE,NÃO ELEITO,4017,2018
1901,WAGNER BAPTISTA RIGUEIRA,PODE,SUPLENTE,5276,2018
1902,LEONOR SANTOS LISBOA,PODE,SUPLENTE,630,2018
1903,MARCOS CESAR DOS SANTOS,PODE,SUPLENTE,617,2018
1908,ANA CAROLINA DIAS RAMOS,PODE,SUPLENTE,440,2018
1910,NATANIEL DA SILVA CARVALHO,PODE,SUPLENTE,20591,2018
1911,SINVAL MALHEIROS PINTO JUNIOR,PODE,SUPLENTE,39124,2018
1912,CLÉBER ARAÚJO BARBOSA,PODE,SUPLENTE,3284,2018
1914,CRISTINA RODRIGUES DE SOUZA,PODE,SUPLENTE,1264,2018
1915,ANDRÉ ELIAS RODINI LUIZ,PODE,SUPLENTE,2890,2018
1916,SAMUEL DO LAGO SOUZA,PODE,SUPLENTE,2368,2018
1917,NELSON CHANG PYO HONG,PODE,SUPLENTE,1925,2018
1918,EUDES AMARO DA SILVA,PODE,SUPLENTE,266,2018
1919,RENATA HELLMEISTER DE ABREU,PODE,ELEITO POR QP,161239,2018
1920,MARCO ANTONIO FELICIANO,PODE,ELEITO POR QP,239784,2018
1921,NOEME BATISTA GIL,PODE,SUPLENTE,345,2018
1922,JOÃO MANUEL BAPTISTA,PODE,SUPLENTE,735,2018
1923,VLADIMIR FERNANDES DE ALMEIDA,PODE,SUPLENTE,1845,2018
1925,MARCELO RIBEIRO COSTA,PODE,SUPLENTE,626,2018
1926,ANDREIA MARIA ANDRADE,PODE,SUPLENTE,552,2018
1927,ALFREDO DUQUE DE ALMEIDA FILHO,PODE,SUPLENTE,2501,2018
1928,CESAR AUGUSTO BIAGIONI,PODE,SUPLENTE,595,2018
1930,ALICIO HONORIO DE ANDRADE,PODE,SUPLENTE,923,2018
1931,MARCOS EDUARDO COUTINHO,PODE,SUPLENTE,464,2018
1932,RICARDO GAMBARONI,PODE,SUPLENTE,3868,2018
1933,FRANCISCO ALEXANDRE FILHO,PODE,SUPLENTE,25210,2018
1936,MARIA MADALENA ALVES MONTEIRO,PODE,SUPLENTE,813,2018
1937,SILVIA DOS SANTOS NAKANO,PODE,SUPLENTE,846,2018
1938,CONSTANTIN KAZAKOS,PODE,SUPLENTE,322,2018
1939,MARCEL DE OLIVEIRA MARCONDES,PODE,SUPLENTE,257,2018
1940,LUIZ CLAUDIO NOGAROTO AMARAL,PODE,SUPLENTE,6396,2018
1942,SERGIO ROBERTO RIBEIRO DOS SANTOS,PODE,SUPLENTE,433,2018
1943,MARÇAL BORGES DA SILVA,PODE,SUPLENTE,1203,2018
1944,JOÃO MARCOS MOREIRA GUIMARÃES SANTOS,PODE,SUPLENTE,1779,2018
1945,LILIAN MARIA ALCKMIN DE SOUZA FRANCO,PODE,SUPLENTE,1434,2018
1946,FERNANDA LOPES DE ANDRADE FREITAS,PODE,SUPLENTE,240,2018
1947,ROSANGELA LOBO TEIXEIRA ZIZLER,PODE,SUPLENTE,362,2018
1949,DANILO DE SOUZA PAULI,PODE,SUPLENTE,579,2018
1951,ADRIANO DOS SANTOS,PODE,SUPLENTE,6163,2018
1952,LUIZ CLÁUDIO SANTOS ROSA,PODE,SUPLENTE,720,2018
1953,ALBERTO ALVES COUTINHO,PODE,SUPLENTE,1299,2018
1954,RAMSÉS THOMAZ,PODE,SUPLENTE,1704,2018
1955,JULIANO CAMILO BORGES,PODE,SUPLENTE,3873,2018
1956,ROBERTO RODRIGUES RIBEIRO,PODE,SUPLENTE,2404,2018
1961,NOEMIA VIEIRA FONSECA,PODE,SUPLENTE,983,2018
1962,DAVILSON MENDONÇA,PODE,SUPLENTE,512,2018
1963,LEIA SOARES DOS SANTOS,PODE,SUPLENTE,1019,2018
1966,ANTONIO MARCOS GRACIANI,PODE,SUPLENTE,1812,2018
1968,WANESSA IGESCA VALVERDE,PODE,SUPLENTE,1136,2018
1970,EDSON ALMEIDA DA SILVA,PODE,SUPLENTE,1578,2018
1971,RENATO TAMAIO DE SOUZA,PODE,SUPLENTE,1528,2018
1972,NEUSA RIBEIRO DALTRO,PODE,SUPLENTE,273,2018
1973,GERALDO ARISTIDES RUFINO,PODE,SUPLENTE,17713,2018
1976,FERNANDO HENRIQUE VIEIRA SANTOS,PODE,SUPLENTE,984,2018
1977,KAWEL RODRIGO LOTTI,PODE,SUPLENTE,4184,2018
1978,MARCOS AURÉLIO DE LIMA,PODE,SUPLENTE,350,2018
1979,WAGNER NESPOLI,PODE,SUPLENTE,983,2018
1980,ROSEMEIRE MARTINS DE CARVALHO RIBEIRO,PODE,SUPLENTE,1882,2018
1981,RICARDO SOUZA DOS SANTOS,PODE,SUPLENTE,1880,2018
1982,ALESSANDRANGELO LONDINO FRONTERA,PODE,SUPLENTE,371,2018
1984,GILVANDRO JOSE ALVES DE OLIVEIRA FILHO,PODE,SUPLENTE,538,2018
1985,AIRTON SANTOS LOPES,PODE,SUPLENTE,2351,2018
1987,JOSE DONIZETI LOUSADA,PODE,SUPLENTE,1398,2018
1988,LI SIU YUK,PODE,SUPLENTE,9080,2018
1989,RUI ROBSON DA PAZ,PODE,SUPLENTE,1221,2018
1990,NIVALDO SOARES DA SILVA FILHO,PODE,SUPLENTE,1457,2018
1991,FRANCISCO MARCELO ORTIZ FILHO,PODE,SUPLENTE,8813,2018
1992,GABRIEL SOUZA DE JESUS,PODE,SUPLENTE,396,2018
1993,LUCÉLIA DE SOUZA ALKIMIM,PODE,SUPLENTE,1649,2018
1994,JOSÉ PRUDÊNCIO DOS SANTOS FILHO,PODE,SUPLENTE,315,2018
1995,MÉRCIA MARA FALCINI,PODE,SUPLENTE,3656,2018
1996,NARA SANTANA DE OLIVEIRA,PODE,SUPLENTE,227,2018
1997,JORGE PINTO CARNEIRO,PODE,SUPLENTE,783,2018
1999,ROBERTO ALVES DE LUCENA,PODE,ELEITO POR MÉDIA,56033,2018
2020,GILBERTO NASCIMENTO SILVA,PSC,ELEITO POR MÉDIA,91797,2018
2030,SILVIO ZABISKY NETO,PSC,SUPLENTE,6091,2018
2055,ADRIANO MARINHO DE OLIVEIRA,PSC,SUPLENTE,2053,2018
2100,MERCEDES LIMA,PCB,SUPLENTE,1677,2018
2121,MAURICIO ORESTES PARISI,PCB,SUPLENTE,1251,2018
2200,JOSÉ AUGUSTO ROSA,PR,ELEITO POR QP,242327,2018
2202,WALID ALI HAMID,PR,SUPLENTE,11964,2018
2206,RAIMUNDA FERREIRA XAVIER SANTOS,PR,SUPLENTE,582,2018
2207,SILVIO ANDREI RODRIGUES,PR,SUPLENTE,47650,2018
2208,MARIO LUCIO DA SILVA,PR,SUPLENTE,16633,2018
2210,MARILZA OLIVEIRA DE JESUS ORIGUELA,PR,SUPLENTE,726,2018
2211,JULIANA AUGUSTO CARDOSO,PR,SUPLENTE,25396,2018
2212,ADAILTON CERQUEIRA SANTOS JUNIOR,PR,SUPLENTE,5701,2018
2214,CLAUDIA LOPES DE SOUZA,PR,SUPLENTE,528,2018
2215,APARECIDO MOREIRA DA SILVA,PR,SUPLENTE,5693,2018
2217,RITA DE CASSIA ALVES,PR,SUPLENTE,688,2018
2220,ROBERTO HIDEO YAMAUCHI,PR,SUPLENTE,13105,2018
2221,VALDEMAR ROSENDO MARQUES,PR,SUPLENTE,798,2018
2222,FRANCISCO EVERARDO OLIVEIRA SILVA,PR,ELEITO POR QP,453855,2018
2223,NELSON DOS SANTOS FERRAZ,PR,SUPLENTE,2088,2018
2224,PAULO DARIO BAUERMEISTER,PR,SUPLENTE,1423,2018
2225,GIOMÁRIO MENDES CARNEIRO,PR,SUPLENTE,3502,2018
2226,JOSÉ PEDRO CORNÉLIO,PR,SUPLENTE,1416,2018
2227,DAMIÃO FRANCO DE SOUZA,PR,SUPLENTE,4755,2018
2230,NADIR TAVARES ALBERTO,PR,SUPLENTE,832,2018
2232,DAVID MONTEIRO DE MELLO,PR,SUPLENTE,861,2018
2233,PAULO ROBERTO FREIRE DA COSTA,PR,ELEITO POR QP,109461,2018
2234,ROGERIO MONTEIRO BARBOSA,PR,SUPLENTE,6858,2018
2235,DANIEL DE ALENCAR SILVA,PR,SUPLENTE,775,2018
2240,KATIA DA SILVA SASTRE,PR,ELEITO POR QP,264013,2018
2242,LUZIA SEFORA DA SILVA,PR,SUPLENTE,573,2018
2244,LUIZ CARLOS MOTTA,PR,ELEITO POR MÉDIA,75218,2018
2245,JOSÉ APARECIDO DE LIRA,PR,SUPLENTE,14536,2018
2250,LUCIANA DE ALMEIDA COSTA,PR,SUPLENTE,7417,2018
2251,JOSÉ ARAUJO SILVA,PR,SUPLENTE,1193,2018
2255,MILTON ANTONIO CASQUEL MONTI,PR,SUPLENTE,55125,2018
2256,EIJI DE CAMPOS SANTANA,PR,SUPLENTE,1519,2018
2265,ELIANA BARBOSA COSTA GARCIA,PR,SUPLENTE,114,2018
2270,ANTONIO CARLOS RODRIGUES,PR,SUPLENTE,50255,2018
2275,ELISÂNGELA APARECIDA BORGES MIGUEL,PR,SUPLENTE,1757,2018
2276,LINDINALVA MARIA OLIVEIRA CRUZ,PR,SUPLENTE,194,2018
2277,MIGUEL LOMBARDI,PR,ELEITO POR MÉDIA,93093,2018
2278,DEBORA CABRAL PAGANOTTO,PR,SUPLENTE,1597,2018
2280,ESTER NARDIN,PR,SUPLENTE,267,2018
2287,MARTINHO CARLOS COLPANI FILHO,PR,SUPLENTE,15409,2018
2288,DAVID ABMAEL DAVID,PR,SUPLENTE,19318,2018
2290,SERGIO CALDAS SANTANA,PR,SUPLENTE,8270,2018
2292,JOÃO VINICIUS BELUCCI PARRA COURA,PR,SUPLENTE,12908,2018
2299,MARCIO LUIZ ALVINO DE SOUZA,PR,ELEITO POR QP,135844,2018
2300,YVES RAPHAEL CARBINATTI RIBEIRO,PPS,SUPLENTE,4624,2018
2303,HUMBERTO VIEIRA BARBOSA LAUDARES PEREIRA,PPS,SUPLENTE,11713,2018
2313,DORACI MARIANO,PPS,SUPLENTE,1982,2018
2322,HILDA MARIA AZEVEDO ALVES,PPS,SUPLENTE,620,2018
2323,ROBERTO JOÃO PEREIRA FREIRE,PPS,SUPLENTE,24914,2018
2333,WALLACE ANANIAS DE FREITAS BRUNO,PPS,SUPLENTE,5531,2018
2343,ALEX SPINELLI MANENTE,PPS,ELEITO POR QP,127366,2018
2345,ARNALDO CALIL PEREIRA JARDIM,PPS,ELEITO POR QP,132363,2018
2351,POLLYANA FATIMA GAMA SANTOS,PPS,SUPLENTE,27956,2018
2362,ARLINDO MARIANO DE ARAUJO FILHO,PPS,SUPLENTE,18187,2018
2363,CARLOS ROBERTO MENDES PEIXOTO,PPS,SUPLENTE,1951,2018
2500,JORGE TADEU MUDALEN,DEM,SUPLENTE,50810,2018
2505,GISLENE CARDOSO,DEM,SUPLENTE,2321,2018
2510,MILTON CARLOS DE MELLO,DEM,SUPLENTE,40058,2018
2511,JOSÉ OLIMPIO SILVEIRA MORAES,DEM,SUPLENTE,83400,2018
2512,SERGIO ZULMIRO LITHOLDO,DEM,SUPLENTE,8854,2018
2517,EDUARDO CESAR LEITE,DEM,SUPLENTE,1541,2018
2525,ALEXANDRE LEITE DA SILVA,DEM,ELEITO POR QP,116416,2018
2526,DULCE DIAS DE ANDRADE,DEM,SUPLENTE,1265,2018
2533,DAVID BEZERRA RIBEIRO SOARES,DEM,ELEITO POR MÉDIA,99865,2018
2550,EUGENIO JOSÉ ZULIANI,DEM,ELEITO POR MÉDIA,89378,2018
2552,EDGARD TAKASHI SASAKI,DEM,SUPLENTE,15080,2018
2555,KIM PATROCA KATAGUIRI,DEM,ELEITO POR QP,465310,2018
2577,ADRIANO ELI CORRÊA,DEM,ELEITO POR MÉDIA,92257,2018
2588,MARIA GORETE SANTOS DE TOLEDO,DEM,SUPLENTE,4440,2018
2702,GILVANDA DOS SANTOS NASCIMENTO,DC,NÃO ELEITO,905,2018
2703,ELIANE APARECIDA COSTA,DC,NÃO ELEITO,500,2018
2704,DARLENICE NUNES DE OLIVEIRA,DC,NÃO ELEITO,152,2018
2705,LILIAN RODRIGUES MENDES,DC,NÃO ELEITO,236,2018
2706,GILSON FERREIRA DO NASCIMENTO,DC,NÃO ELEITO,321,2018
2707,RAFAEL BROCHI DE MATTOS,DC,NÃO ELEITO,1255,2018
2715,VALDECI DE PAULA,DC,NÃO ELEITO,432,2018
2717,FABIO DA SILVA RODRIGUES DE LIMA,DC,NÃO ELEITO,168,2018
2719,MARIZETE PEREIRA DE JESUS,DC,NÃO ELEITO,261,2018
2720,JOSÉ CARLOS TREVENZOLLI FILHO,DC,NÃO ELEITO,3323,2018
2722,ROBSON DA SILVA CAMPOS,DC,NÃO ELEITO,1039,2018
2727,JOSÉ CARLOS SELBACH EYMAEL,DC,NÃO ELEITO,311,2018
2728,LUCIANA BOARETTO DOS SANTOS,DC,NÃO ELEITO,475,2018
2729,MARJORYE RUDEK VALLINOTO COSTA,DC,NÃO ELEITO,341,2018
2737,CLAUDICEIA BOANERGES NANNI,DC,NÃO ELEITO,464,2018
2742,JEFFERSON ANDRE DE ALMEIDA,DC,NÃO ELEITO,1509,2018
2747,SILVIA CRISTINA COPIA CARRILHO SILVA MARTINS,DC,NÃO ELEITO,682,2018
2750,PATRICIA KIYOMI TANI,DC,NÃO ELEITO,435,2018
2751,MARAISA LEANDRO MORETE IGLESIAS,DC,NÃO ELEITO,189,2018
2756,ANTONIO JOÃO MENDONÇA,DC,NÃO ELEITO,750,2018
2757,MARIA APARECIDA GONÇALVES DE ARAUJO,DC,NÃO ELEITO,344,2018
2758,IZAMAR NUNES DA SILVA,DC,NÃO ELEITO,221,2018
2760,SEBASTIÃO JOSE DOS SANTOS,DC,NÃO ELEITO,179,2018
2769,MARIA ADRIANA MACIEL BARBOSA,DC,NÃO ELEITO,432,2018
2776,RICARDO GUIDI,DC,NÃO ELEITO,789,2018
2787,PAULO SERGIO BRUIANI BARBOSA,DC,NÃO ELEITO,1394,2018
2800,JOSIANE DA SILVA PEREIRA,PRTB,NÃO ELEITO,295,2018
2801,WILSON JAMBERG,PRTB,NÃO ELEITO,1536,2018
2803,CLAUDETE DOS SANTOS CYPRIANO,PRTB,NÃO ELEITO,98,2018
2804,ARLINDO MUNUERA JUNIOR,PRTB,NÃO ELEITO,526,2018
2805,ROGÉRIO DOS SANTOS GOMES,PRTB,NÃO ELEITO,1032,2018
2808,ANDRÉIA ROSA DA SILVA,PRTB,NÃO ELEITO,668,2018
2809,WALDIR QUINTINO DO NASCIMENTO,PRTB,NÃO ELEITO,278,2018
2810,FELIPE FREITAS DE ASSIS,PRTB,NÃO ELEITO,4110,2018
2811,LAUDERICO SARTORATTO,PRTB,NÃO ELEITO,445,2018
2812,OSVALDO MENESES DOS SANTOS,PRTB,NÃO ELEITO,1539,2018
2813,SONIA CRISTINA NEVES,PRTB,NÃO ELEITO,306,2018
2818,MARCOS ELI COPEINSQUI THOMAZINI,PRTB,NÃO ELEITO,2109,2018
2821,REGINALDO ESTEFANO LACERDA DOS SANTOS,PRTB,NÃO ELEITO,337,2018
2822,ROBERTO ROCHA BARRETO,PRTB,NÃO ELEITO,925,2018
2825,CLELIA DOS SANTOS DE CARVALHO,PRTB,NÃO ELEITO,809,2018
2827,PAULO RICARDO SIMONAGIO,PRTB,NÃO ELEITO,125,2018
2828,JOSÉ LEVY FIDELIX DA CRUZ,PRTB,NÃO ELEITO,32113,2018
2832,DAIANA LOPES BICUDO,PRTB,NÃO ELEITO,59,2018
2833,WALDEMAR LIMA RODRIGUES DA SILVA,PRTB,NÃO ELEITO,335,2018
2834,DIEGO FERNANDES DE MATOS,PRTB,NÃO ELEITO,859,2018
2835,JOSE RIBAMAR BRIOSO SOUSA,PRTB,NÃO ELEITO,1233,2018
2837,MARTA ELISABETH NIXDORF,PRTB,NÃO ELEITO,342,2018
2838,KARINA ROBERTA SINNI,PRTB,NÃO ELEITO,574,2018
2839,LIGIA CRISTINA CRUZ DE CAMPOS,PRTB,NÃO ELEITO,433,2018
2847,RISLAINE FEITOZA ALVES,PRTB,NÃO ELEITO,37,2018
2848,JOSÉ APARECIDO DOS SANTOS,PRTB,NÃO ELEITO,462,2018
2849,MARCELO NOGUEIRA,PRTB,NÃO ELEITO,143,2018
2852,CELSO SOARES,PRTB,NÃO ELEITO,410,2018
2854,ROSICLEIDE MARIA MACIEL DE OLIVEIRA,PRTB,NÃO ELEITO,10,2018
2855,EDSON DOMINGOS BALDASSI,PRTB,NÃO ELEITO,251,2018
2857,AURELIO DA SILVA VITAL,PRTB,NÃO ELEITO,195,2018
2866,CARLOS ANTONIO,PRTB,NÃO ELEITO,315,2018
2877,KENNEDY RENE RODRIGUES DA SILVA,PRTB,NÃO ELEITO,1280,2018
2882,JORGE CUNHA,PRTB,NÃO ELEITO,587,2018
2888,PATRICIO DE LIMA MELO,PRTB,NÃO ELEITO,512,2018
2889,ADAUTO VIANA JUNIOR,PRTB,NÃO ELEITO,17891,2018
2890,FERNANDO CESAR DE LIMA MOREIRA,PRTB,NÃO ELEITO,1822,2018
2892,OSMAR JOSE MARTINS DA SILVA,PRTB,NÃO ELEITO,16,2018
2899,GISELE CASARIN DA SILVA,PRTB,NÃO ELEITO,474,2018
3000,ALEXIS JOSEPH STEVERLYNCK FONTEYNE,NOVO,ELEITO POR MÉDIA,45298,2018
3001,JOSE LUIZ FRIGERIO PAULO,NOVO,SUPLENTE,5872,2018
3002,JONATHAN AYRES CASTELLANO,NOVO,SUPLENTE,5533,2018
3003,AGLIBERTO DO SOCORRO CHAGAS,NOVO,SUPLENTE,24252,2018
3005,MARLON FARIAS DA LUZ,NOVO,SUPLENTE,26132,2018
3006,RICARDO DE AQUINO SALLES,NOVO,SUPLENTE,36603,2018
3008,ALEXANDRE MACHADO,NOVO,SUPLENTE,5768,2018
3009,EDUARDO ARAUJO PRADO,NOVO,SUPLENTE,6131,2018
3010,ERICA CRISTINA ROCHA GORGA,NOVO,SUPLENTE,33425,2018
3011,MARIA ISABEL RODRIGUES TEIXEIRA,NOVO,SUPLENTE,11807,2018
3012,EDNEY BENEDITO SAMPAIO DUARTE JUNIOR,NOVO,SUPLENTE,12219,2018
3013,MARIA CLAUDIA DE OLIVEIRA CARVALHO,NOVO,SUPLENTE,2491,2018
3014,ROBERSON ANTEQUERA MORON,NOVO,SUPLENTE,9019,2018
3016,JOSÉ PEDROSA FERRAZ JUNIOR,NOVO,SUPLENTE,4219,2018
3017,DAVID PEREIRA DE AZEVEDO,NOVO,SUPLENTE,3433,2018
3020,JOÃO VESTIM GRANDE,NOVO,SUPLENTE,5140,2018
3021,MARCO ANTONIO DE SOUZA PINTO,NOVO,SUPLENTE,4494,2018
3022,FATIMA REGINA PORTELLA OLIVEIRA,NOVO,SUPLENTE,7602,2018
3023,MARCELO MARTINS CAMPOS,NOVO,SUPLENTE,1845,2018
3027,ADELSON FONSECA BEZERRA,NOVO,SUPLENTE,19927,2018
3028,SANDRA HELENA FERNANDES,NOVO,SUPLENTE,5305,2018
3029,TAMARA CREMA E CAMPOS,NOVO,SUPLENTE,731,2018
3030,VINICIUS LAZZER POIT,NOVO,ELEITO POR QP,207118,2018
3031,CHARLES WILLIAM MCNAUGHTON,NOVO,SUPLENTE,6416,2018
3032,FLAVIA NASSER GOULART,NOVO,SUPLENTE,17847,2018
3033,VINICIUS MARINI FERREIRA,NOVO,SUPLENTE,15366,2018
3036,LUIS EDUARDO GONÇALVES BUCCIARELLI,NOVO,SUPLENTE,9744,2018
3040,THYAGO LUIZ FRASSETTO RODRIGUES,NOVO,SUPLENTE,4894,2018
3043,TEREZA MARIA SAYEG,NOVO,SUPLENTE,4850,2018
3044,REGINA MARIA CUBERO LEITÃO,NOVO,SUPLENTE,4542,2018
3045,CLEVERSON FIUZA ALVES,NOVO,SUPLENTE,1524,2018
3050,ADRIANA MIGUEL VENTURA,NOVO,ELEITO POR QP,64341,2018
3051,MARIA DO ROCIO ESMANHOTO FANTON,NOVO,SUPLENTE,1066,2018
3054,EDUARDO LUNARDELLI NOVAES,NOVO,SUPLENTE,15503,2018
3060,MARISE AUGUSTO FERNANDES AUDI,NOVO,SUPLENTE,9218,2018
3063,ANDREA SPINOLA E CASTRO VILLELA SEQUEIRA,NOVO,SUPLENTE,11156,2018
3066,JOSÉ FRANCISCO BERTINO,NOVO,SUPLENTE,3092,2018
3070,ROBSON JOSE PORTA BOMBONATTI,NOVO,SUPLENTE,5492,2018
3076,PAULO ROBERTO MARTINS SERRA,NOVO,SUPLENTE,6154,2018
3077,MONICA ROSENBERG BRAIZAT,NOVO,SUPLENTE,35519,2018
3080,SANDRA MARIA GONÇALVES,NOVO,SUPLENTE,4823,2018
3083,MARIA CECILIA MARTINI DUARTE,NOVO,SUPLENTE,3001,2018
3090,THIAGO SATURNINO BARBOSA BELLO,NOVO,SUPLENTE,10917,2018
3092,ULISSES CASTRO TAVARES NETO,NOVO,SUPLENTE,1212,2018
3099,ALUISIO NOGUEIRA DA SILVA,NOVO,SUPLENTE,6886,2018
3101,ULYSSES DA CONCEIÇÃO VIANA,PHS,SUPLENTE,800,2018
3103,LEONORA MENDES DE LIMA,PHS,SUPLENTE,6591,2018
3111,SIMONE DE ARRUDA,PHS,SUPLENTE,1884,2018
3120,MARCELO CANDIDO LOPES SIMÕES,PHS,SUPLENTE,1910,2018
3124,SEVERINO DOS RAMOS SANTOS SILVA,PHS,SUPLENTE,443,2018
3131,LAÉRCIO BENKO LOPES,PHS,SUPLENTE,17388,2018
3132,ANDRE LUIZ ZANATA,PHS,SUPLENTE,2687,2018
3133,ARLINDO PEREIRA FIGUEIREDO JUNIOR,PHS,SUPLENTE,5004,2018
3150,SAMANTHA CONSTANZA,PHS,SUPLENTE,1749,2018
3170,VANDERLEI VELOZO MIRANDA,PHS,SUPLENTE,222,2018
3177,CRISTIANO EURIPEDES SOARES RODRIGUES DA SILVA,PHS,SUPLENTE,1009,2018
3300,ROSEMEIRE MARQUES RIBEIRO ARCHANGELO,PMN,NÃO ELEITO,1602,2018
3301,VIVIANE RODRIGUES DA SILVA AUGUSTO,PMN,NÃO ELEITO,780,2018
3302,EVANDRO CABRAL,PMN,NÃO ELEITO,929,2018
3303,PAULO DELLA ROSA JÚNIOR,PMN,NÃO ELEITO,758,2018
3304,NEUZA APARECIDA FERREIRA,PMN,NÃO ELEITO,386,2018
3305,VALÉRIO GRACIANO,PMN,NÃO ELEITO,139,2018
3307,EDILENE MARIA MAZER DOS SANTOS,PMN,NÃO ELEITO,144,2018
3308,OLGA MARIA DA SILVA LINO,PMN,NÃO ELEITO,114,2018
3310,EDUARDO GOMES DE MIRANDA FILHO,PMN,NÃO ELEITO,331,2018
3313,PAULO ROBERTO DOS SANTOS,PMN,NÃO ELEITO,302,2018
3314,MARCIO TOMAZELA,PMN,NÃO ELEITO,3034,2018
3315,MARCO ANTONIO CORACINI,PMN,NÃO ELEITO,155,2018
3316,ODILIA EXPEDITA DE SOUSA,PMN,NÃO ELEITO,427,2018
3318,ANTÔNIO SEVERINO RODRIGUES DA SILVA,PMN,NÃO ELEITO,259,2018
3319,FERNANDA MENDONÇA DE SOUZA GAMA,PMN,NÃO ELEITO,339,2018
3320,SERGIO TORRES DA SILVA,PMN,NÃO ELEITO,352,2018
3321,JOÃO PEDRO PERES RODRIGUES,PMN,NÃO ELEITO,633,2018
3322,ANTONIO ABERALDO DE PINHO,PMN,NÃO ELEITO,227,2018
3323,SIMONE SANTANA MACHADO,PMN,NÃO ELEITO,275,2018
3330,EDILSON GONÇALVES DE AGUIAR,PMN,NÃO ELEITO,636,2018
3332,SOLANGE DA SILVA,PMN,NÃO ELEITO,307,2018
3333,ANA PAULA CARVALHO BEATHALTER,PMN,NÃO ELEITO,7288,2018
3334,ANTONIO RAIMUNDO QUEIRÓZ,PMN,NÃO ELEITO,315,2018
3336,TIAGO APARECIDO SILVA ROCHA,PMN,NÃO ELEITO,103,2018
3337,APARECIDO RUBENS DE ANDRADE,PMN,NÃO ELEITO,179,2018
3339,NUBIA DE LIMA MARTINS,PMN,NÃO ELEITO,88,2018
3344,RITA DE CASSIA TAVARES DE ARAÚJO,PMN,NÃO ELEITO,187,2018
3345,NÉFI ANTONIO CASTRO TALES,PMN,NÃO ELEITO,818,2018
3350,JOSÉ CARLOS MONTEIRO DOS REIS,PMN,NÃO ELEITO,746,2018
3353,NELSON SOARES SILVEIRA,PMN,NÃO ELEITO,133,2018
3355,SIMIÃO BERNARDO DOS SANTOS,PMN,NÃO ELEITO,213,2018
3356,PATRÍCIA FREITAS LIMA,PMN,NÃO ELEITO,2406,2018
3360,LAÉRCIO MENEZES SANTOS,PMN,NÃO ELEITO,283,2018
3363,MARCIA REGINA DE ALCÂNTARA SILVA,PMN,NÃO ELEITO,400,2018
3365,EDSON MARTINS FERREIRA,PMN,NÃO ELEITO,148,2018
3366,GENILCE DOS SANTOS,PMN,NÃO ELEITO,343,2018
3370,MARCOS MARIANO DE ABREU,PMN,NÃO ELEITO,36,2018
3373,WASHINGTON DE SOUZA GRIMAS,PMN,NÃO ELEITO,223,2018
3377,SIDINEY DONIZETTI GUEDES,PMN,NÃO ELEITO,3934,2018
3378,FRANCISCO ALVES DE LIMA FILHO,PMN,NÃO ELEITO,383,2018
3380,SILVANO VITURINO DOS SANTOS,PMN,NÃO ELEITO,64,2018
3388,MARCIO NEVES RABELO,PMN,NÃO ELEITO,446,2018
3389,MARILU DE PAULA AMARANTE,PMN,NÃO ELEITO,122,2018
3399,JOSE MARIA RODRIGUES DE MATOS,PMN,NÃO ELEITO,2610,2018
3510,MAURICIO DE CAMPOS MENDES PEREIRA,PMB,SUPLENTE,327,2018
3513,DANIEL PERPETUO MACEDO,PMB,SUPLENTE,496,2018
3517,MARCELO DOS SANTOS ALVES,PMB,SUPLENTE,89,2018
3519,SILVANA GOMES DE ARAUJO TEIXEIRA,PMB,SUPLENTE,582,2018
3534,EVERALDINA COSTA GAMA DE OLIVEIRA,PMB,SUPLENTE,129,2018
3535,MARLI JOSÉ DA SILVA BARBOSA,PMB,SUPLENTE,1955,2018
3536,LEONILDO ALMEIDA SOARES FERRO,PMB,SUPLENTE,689,2018
3540,ADEZIO DIAS BARBOZA,PMB,SUPLENTE,630,2018
3577,JORGE DE JESUS SILVA,PMB,SUPLENTE,662,2018
3578,LAIR MOURA SALA MALAVILA JUSEVICIUS,PMB,SUPLENTE,9362,2018
3607,CHARLES APARECIDO SILVERIO,PTC,NÃO ELEITO,193,2018
3608,ABRAAO GONÇALVES,PTC,NÃO ELEITO,927,2018
3613,RICARDO FASSIO CAVALCANTE CUNHA,PTC,NÃO ELEITO,2866,2018
3615,BRANDINA MARIA SOARES DE OLIVEIRA,PTC,NÃO ELEITO,432,2018
3616,ELENCASTON CANDIDO DA SILVA,PTC,NÃO ELEITO,361,2018
3618,MARCIA APARECIDA BACELLAR,PTC,NÃO ELEITO,252,2018
3620,WELLINGTON DE JESUS PINTO,PTC,NÃO ELEITO,79,2018
3622,ABEL COSTA,PTC,NÃO ELEITO,409,2018
3626,DANUBIA FLORIANO CHAGAS PEREIRA,PTC,NÃO ELEITO,107,2018
3630,TEREZINHA APARECIDA MARQUES TOSINI ESTEVES,PTC,NÃO ELEITO,75,2018
3633,ADALTO DAS DORES LIMA,PTC,NÃO ELEITO,847,2018
3635,DENILSON LUCAS DE LIMA,PTC,NÃO ELEITO,184,2018
3636,ISABELLE SATIKO SOYAMA,PTC,NÃO ELEITO,877,2018
3637,MARCELO AUGUSTO VOLTARELLI,PTC,NÃO ELEITO,194,2018
3643,OSWALDO MARTINS DE OLIVEIRA,PTC,NÃO ELEITO,261,2018
3644,RONIVALDO REIS DA COSTA,PTC,NÃO ELEITO,502,2018
3645,GISELE PONCIO,PTC,NÃO ELEITO,153,2018
3650,ANA LUCIA PEREIRA,PTC,NÃO ELEITO,302,2018
3652,WILLIANS ROCHA MONTEIRO,PTC,NÃO ELEITO,129,2018
3653,APARECIDO NUNES OLIVEIRA,PTC,NÃO ELEITO,449,2018
3655,JAIRO ATAIDE DA SILVA,PTC,NÃO ELEITO,120,2018
3659,JOSUE LIMA LINS,PTC,NÃO ELEITO,103,2018
3660,CLAUDIA DE JESUS DE SOUZA,PTC,NÃO ELEITO,48,2018
3666,MAURICIO ONOFRE GONÇALVES CORREA,PTC,NÃO ELEITO,236,2018
3670,HEITOR ROBERTO TOMMASINI,PTC,NÃO ELEITO,92,2018
3678,ALINE MONICA RIBEIRO,PTC,NÃO ELEITO,334,2018
3680,MARIA FRANCISCA DA SILVA NEVES,PTC,NÃO ELEITO,49,2018
3694,FABIO ALEXANDRE NOGUEIRA,PTC,NÃO ELEITO,2002,2018
3699,LUIZ FERNANDO LOBAO,PTC,NÃO ELEITO,239,2018
4000,LUIZ LAURO FERREIRA FILHO,PSB,SUPLENTE,75535,2018
4001,LUIZ FLAVIO GOMES,PSB,ELEITO POR MÉDIA,86433,2018
4002,MARIO XANDÓ DE OLIVEIRA NETO,PSB,SUPLENTE,2171,2018
4003,JOSÉ GOZZE,PSB,SUPLENTE,2912,2018
4004,FRANCISCO MOACIR BEZERRA DE MELO FILHO,PSB,SUPLENTE,5988,2018
4005,LAUDINEY FERNANDO SILVA FRAGA,PSB,SUPLENTE,6726,2018
4007,ANDRESSA SALES STRAMBECK DA COSTA,PSB,SUPLENTE,10159,2018
4008,MARIANA KOEHLER CARDOSO,PSB,SUPLENTE,656,2018
4009,LUCINEIA FERREIRA SANTOS COSTA,PSB,SUPLENTE,7948,2018
4010,GABRIEL FERRATO DOS SANTOS,PSB,SUPLENTE,11828,2018
4011,CAIO MIRANDA CARNEIRO,PSB,SUPLENTE,18302,2018
4012,MARCELO THEODORO DE AGUIAR,PSB,SUPLENTE,36888,2018
4015,RODRIGO ANTONIO DE AGOSTINHO MENDONÇA,PSB,ELEITO POR QP,100179,2018
4018,JOÃO FERREIRA FREIRE,PSB,SUPLENTE,817,2018
4020,JEDIEL HOSANA DE CARVALHO,PSB,SUPLENTE,1168,2018
4021,CLAUDIO FERREIRA DA CRUZ,PSB,SUPLENTE,554,2018
4022,RENATO KOGA CERQUEIRA,PSB,SUPLENTE,3191,2018
4023,JOSÉ MARCELO MOTA,PSB,SUPLENTE,2353,2018
4025,CIRLENE MARIA MARGONATO RABECCHINI,PSB,SUPLENTE,748,2018
4030,VINICIUS PASSOS,PSB,SUPLENTE,17394,2018
4031,FLAVIO COSTA MORALES,PSB,SUPLENTE,1211,2018
4032,CELIO LUCAS DE ALMEIDA,PSB,SUPLENTE,3784,2018
4033,LEANDRO AVELINO RODRIGUES CRUZ,PSB,SUPLENTE,7445,2018
4036,RIVAEL BENEDITO DE SOUZA,PSB,SUPLENTE,11643,2018
4040,VALDOMIRO LOPES DA SILVA JUNIOR,PSB,SUPLENTE,60155,2018
4041,FABIO CHAZYN,PSB,SUPLENTE,291,2018
4042,TEREZINHA MARIA DOS SANTOS SILVA,PSB,SUPLENTE,3576,2018
4044,JEFFERSON ALVES DE CAMPOS,PSB,ELEITO POR QP,99974,2018
4045,LUIZ ALBERTO FRATINI,PSB,SUPLENTE,10945,2018
4046,ALDOMIRO FERNANDES,PSB,SUPLENTE,374,2018
4048,LIA LOPES ALMEIDA,PSB,SUPLENTE,1995,2018
4050,RICARDO AUGUSTO MACHADO DA SILVA,PSB,SUPLENTE,61037,2018
4053,HELIO ALVES RIBEIRO,PSB,SUPLENTE,31312,2018
4054,ELISEU GABRIEL DE PIERI,PSB,SUPLENTE,36074,2018
4056,CLÁUDIO DA SILVEIRA FARIA,PSB,SUPLENTE,482,2018
4060,GUSTAVO BENSDORP PALMIERI,PSB,SUPLENTE,44984,2018
4066,FRANCISCO MARCIO DE CARVALHO,PSB,SUPLENTE,4721,2018
4070,CAMILA GODOI DA SILVA RODRIGUES,PSB,SUPLENTE,29703,2018
4075,SIMONE APARECIDA CARDOSO,PSB,SUPLENTE,25629,2018
4077,ROSANA DE OLIVEIRA VALLE,PSB,ELEITO POR QP,106100,2018
4078,JURACI SAMPAIO,PSB,SUPLENTE,2010,2018
4079,MARIA LUIZA DE OLIVEIRA PIRES,PSB,SUPLENTE,201,2018
4080,MARCO AURELIO UBIALI,PSB,SUPLENTE,30363,2018
4085,ADENILSON GUERRA,PSB,SUPLENTE,949,2018
4088,EDUARDO ANTONIO DA SILVA PIRES,PSB,SUPLENTE,35598,2018
4091,GIRLEIDE DE ALENCAR SILVA,PSB,SUPLENTE,155,2018
4096,IOLANDA KEIKO MIASHIRO OTA,PSB,SUPLENTE,60499,2018
4099,MARISA NUNES DOS SANTOS,PSB,SUPLENTE,257,2018
4300,GILBERTO TANOS NATALINI,PV,SUPLENTE,27316,2018
4301,MATHEUS DE OLIVEIRA PINTO,PV,SUPLENTE,39802,2018
4302,MARIA ROSANE DOS SANTOS,PV,SUPLENTE,346,2018
4303,JOÃO PEREIRA DA SILVA,PV,SUPLENTE,4794,2018
4305,JULIANA APARECIDA PEREIRA,PV,SUPLENTE,190,2018
4306,ALINE DE CARVALHO,PV,SUPLENTE,570,2018
4307,RAUL THAME DE TOLEDO ALMEIDA,PV,SUPLENTE,1247,2018
4309,MAURICIO PINHEIRO,PV,SUPLENTE,294,2018
4310,CARLOS AUGUSTO PEREIRA DA SILVA,PV,SUPLENTE,803,2018
4311,DAVI MOTA COSTA,PV,SUPLENTE,17429,2018
4312,IVAN RICARDO FIRMINO,PV,SUPLENTE,1419,2018
4313,JOSÉ ALEXANDRE PENA DEVESA,PV,SUPLENTE,4316,2018
4314,ALVARO BRUNO CASTRO GARCIA,PV,SUPLENTE,1302,2018
4316,FERNANDO TENÓRIO DI SCHIAVI,PV,SUPLENTE,612,2018
4317,ANTONIO ROBERTO MARTINS,PV,SUPLENTE,1226,2018
4318,JACIRA GOMES GONÇALVES GÓES,PV,SUPLENTE,129,2018
4319,VANDIR NATAL CASAGRANDE,PV,SUPLENTE,1458,2018
4320,KEILA MARIA ALVES SILVA,PV,SUPLENTE,2009,2018
4321,MARCELO FERNANDES DE OLIVEIRA,PV,SUPLENTE,3646,2018
4322,WARWICK DO AMARAL MANFRINATO,PV,SUPLENTE,2127,2018
4323,ANTONIO LUIZ COLUCCI,PV,SUPLENTE,30996,2018
4325,CARLOS ALEXANDRE RAMOS,PV,SUPLENTE,7503,2018
4327,REGINA HELENA DOS SANTOS FUKUSIG,PV,SUPLENTE,189,2018
4329,ANDRÉ MARTINS MACHADO,PV,SUPLENTE,427,2018
4330,LEANDRO SILVA BATISTA,PV,SUPLENTE,2927,2018
4333,LUIZ CARLOS ROSSINI,PV,SUPLENTE,11125,2018
4334,MARIA REGINA GONÇALVES,PV,SUPLENTE,26312,2018
4335,NATALINO DAVI DA SILVA,PV,SUPLENTE,3340,2018
4336,ENRICO VAN BLARCUM DE GRAAFF MISASI,PV,ELEITO POR QP,108038,2018
4337,ROSANILDA ANTONIA DA SILVA,PV,SUPLENTE,634,2018
4338,ANISIA PAULINA TEIXEIRA,PV,SUPLENTE,79,2018
4339,FERNANDA MORENO DA SILVA,PV,SUPLENTE,3612,2018
4340,ALEKSANDRA CARVALHO DA MOTTA,PV,SUPLENTE,639,2018
4342,JOSÉ CLAUDIO MANCILHA DE FARIA BARBOSA ,PV,SUPLENTE,11681,2018
4343,JOSÉ LUIZ DE FRANÇA PENNA,PV,SUPLENTE,14528,2018
4344,TATIANE BIAGGI DE OLIVEIRA DAMACENO,PV,SUPLENTE,1534,2018
4345,JESUS MARTINS,PV,SUPLENTE,471,2018
4346,HELIO DE MATOS FRANÇA,PV,SUPLENTE,247,2018
4347,ANA LUCIA PECORARO,PV,SUPLENTE,394,2018
4348,ADRIANA SIMÕES DE ARAUJO,PV,SUPLENTE,1103,2018
4349,CLAUDIO GASPAR DOTTORI,PV,SUPLENTE,1264,2018
4350,GERSON ANTONIO DE PAULA,PV,SUPLENTE,163,2018
4351,JULIO TOCALINO NETO,PV,SUPLENTE,275,2018
4352,CASSIO TOLEDO PULLIN MIRANDA,PV,SUPLENTE,263,2018
4353,ANTONIO DOS REIS ZAMARCHI,PV,SUPLENTE,5022,2018
4355,JUVENILDO DE OLIVEIRA DANTAS,PV,SUPLENTE,2199,2018
4357,ALEXANDRE TADEU LUZIANI NEGRI,PV,SUPLENTE,500,2018
4359,TOMAZ KIYOMU KURASHIMA JUNIOR,PV,SUPLENTE,412,2018
4360,ANTONIO CARLOS ALVES DA SILVA,PV,SUPLENTE,7414,2018
4361,SAMANTHA FREIRE DIAS,PV,SUPLENTE,127,2018
4362,ANTONIO CARLOS PADULA,PV,SUPLENTE,983,2018
4365,ANDREIA CAMPOS SALES MARTINS,PV,SUPLENTE,1100,2018
4366,LUISA DA SILVA FERNANDES,PV,SUPLENTE,682,2018
4367,ALTONOMISTA BEZERRA DA SILVA,PV,SUPLENTE,1735,2018
4368,BEATRIZ HELENA DE MACEDO,PV,SUPLENTE,712,2018
4369,ARNALDO DE OLIVEIRA JÚNIOR,PV,SUPLENTE,3109,2018
4370,RODRIGO SCARDELATO GONZALES,PV,SUPLENTE,1629,2018
4372,ANDERSON DE OLIVEIRA GALCHIN,PV,SUPLENTE,585,2018
4373,ELIZABETH AGATÃO,PV,SUPLENTE,341,2018
4374,ANTONIO VLASITON VIDAL,PV,SUPLENTE,933,2018
4375,ROBERTA CRISTINA BARRADA MELCHIOR MERLO,PV,SUPLENTE,683,2018
4377,ANTÔNIO CARLOS DE MENDES THAME,PV,SUPLENTE,14493,2018
4378,FABIO SIQUEIRA DIAS,PV,SUPLENTE,4878,2018
4379,MAURICIO GOMES DA SILVA,PV,SUPLENTE,531,2018
4380,CLÓVIS DE OLIVEIRA MAITO,PV,SUPLENTE,1657,2018
4381,MARCO ANTONIO DE ANDRADE,PV,SUPLENTE,159,2018
4382,JESSE DE MEDEIROS NAVARRO,PV,SUPLENTE,337,2018
4383,HENRIQUE FERRACINI DIAS,PV,SUPLENTE,565,2018
4384,MARIA DO CARMO SILVA,PV,SUPLENTE,127,2018
4386,EDSON BERTONI,PV,SUPLENTE,1100,2018
4388,ROSALINA RAMALHO DA SILVA,PV,SUPLENTE,2497,2018
4390,DELMA DE SOUZA DE JESUS,PV,SUPLENTE,157,2018
4391,MONICA GABRIEL,PV,SUPLENTE,3709,2018
4392,JORDEVAN JOSE DE QUEIROZ FERREIRA,PV,SUPLENTE,1431,2018
4393,PEDRO BORBOREMA DE ARAÚJO,PV,SUPLENTE,1294,2018
4394,EDUARDO BARTOLOMEU RECHE PERES,PV,SUPLENTE,660,2018
4395,MARCIO ALEXANDRE PEREIRA,PV,SUPLENTE,1388,2018
4396,ADENILTON FERREIRA DA SILVA,PV,SUPLENTE,5239,2018
4397,ANGELA MARIA PEREIRA MATOS BARCELLOS,PV,SUPLENTE,183,2018
4398,MARCOS ANTONIO GONÇALVES,PV,SUPLENTE,474,2018
4400,ROBERTO PIRES,PRP,NÃO ELEITO,4945,2018
4402,MARILDA DE SANTANA GIRON,PRP,NÃO ELEITO,325,2018
4403,NELCI TEIXEIRA SILVA DE GUIDE,PRP,NÃO ELEITO,562,2018
4404,CLAUDIO CALASANS CAMARGO,PRP,NÃO ELEITO,7464,2018
4405,VANESSA RODRIGUES SALES,PRP,NÃO ELEITO,311,2018
4406,ANA MARIA MURARI,PRP,NÃO ELEITO,304,2018
4408,LUIZ EDUARDO MARTINS,PRP,NÃO ELEITO,101,2018
4409,LUIZ CARLOS SUZANO,PRP,NÃO ELEITO,59,2018
4410,RAPHAEL APARECIDO DE OLIVEIRA,PRP,NÃO ELEITO,7245,2018
4411,CLAUDIO ERNANI MARCONDES DE MIRANDA,PRP,NÃO ELEITO,12531,2018
4412,ALEXANDRE SÉRGIO DE OLIVEIRA AZOUBEL,PRP,NÃO ELEITO,5514,2018
4413,CICERO SANTANA DA SILVA,PRP,NÃO ELEITO,286,2018
4414,NELCI LISBOA CAMPOS,PRP,NÃO ELEITO,489,2018
4415,MARCO ANTONIO SANTOS,PRP,NÃO ELEITO,497,2018
4416,NATALIA DA GRAÇA VAZ,PRP,NÃO ELEITO,71,2018
4417,CRISTIANE ALVES DE ALMEIDA,PRP,NÃO ELEITO,377,2018
4418,ROMEU EMANOEL CASADEI DA SILVA,PRP,NÃO ELEITO,494,2018
4419,MARILENE BARBOSA DA SILVA,PRP,NÃO ELEITO,233,2018
4421,JOSEANIA MOREIRA FERREIRA,PRP,NÃO ELEITO,214,2018
4422,MARCELO ROBERTO AFONSO,PRP,NÃO ELEITO,1300,2018
4423,MARCOS DE SOUZA GUSMAN,PRP,NÃO ELEITO,638,2018
4425,VIVIAN GONÇALVES DOS PASSOS,PRP,NÃO ELEITO,123,2018
4426,ELIAS MATIAS DA SILVA,PRP,NÃO ELEITO,314,2018
4427,IVONIZE DE SOUZA BARRETO,PRP,NÃO ELEITO,175,2018
4428,BOAZ DOS SANTOS SILVA,PRP,NÃO ELEITO,4297,2018
4429,PAULA DANIELA DE JESUS,PRP,NÃO ELEITO,342,2018
4431,RENATA APARECIDA DE LIMA,PRP,NÃO ELEITO,229,2018
4432,CLAUDIO SABINO RIBEIRO,PRP,NÃO ELEITO,274,2018
4433,LEANDRO DIAS DOS SANTOS,PRP,NÃO ELEITO,743,2018
4434,JOSE VICENTE DE ROSIS MAZEU,PRP,NÃO ELEITO,3301,2018
4435,MOACIR LUIS SILVA DE OLIVEIRA,PRP,NÃO ELEITO,1857,2018
4438,VERA LEIDE DA SILVA,PRP,NÃO ELEITO,291,2018
4439,JOSE ANTONIO DE OLIVEIRA,PRP,NÃO ELEITO,49,2018
4440,ALEXANDRE ALVES TENORIO DOS SANTOS,PRP,NÃO ELEITO,710,2018
4441,LUIZ TEOFILO DA SILVA,PRP,NÃO ELEITO,286,2018
4442,JOSE ALIXANDRE ANTONIO DE OLIVEIRA,PRP,NÃO ELEITO,154,2018
4444,DANILO SILVEIRA MANHA,PRP,NÃO ELEITO,19899,2018
4445,LINCOLN AUGUSTO ALVES DE OLIVEIRA,PRP,NÃO ELEITO,697,2018
4446,FELIPE FERREIRA DE SOUZA,PRP,NÃO ELEITO,1927,2018
4447,CARLOS ALBERTO FABRINI,PRP,NÃO ELEITO,723,2018
4448,MARCO CESAR DE ARRUDA,PRP,NÃO ELEITO,364,2018
4449,JOÃO CAETANO DE SOUZA FILHO,PRP,NÃO ELEITO,705,2018
4450,FLAVIO SILVA DE FREITAS,PRP,NÃO ELEITO,9191,2018
4451,LUIS ANTONIO DE ANDRADE,PRP,NÃO ELEITO,1759,2018
4452,CARLOS ALBERTO PEREIRA,PRP,NÃO ELEITO,285,2018
4453,LUANA FERREIRA MARQUES,PRP,NÃO ELEITO,832,2018
4454,JOSE BERNARDO FILHO,PRP,NÃO ELEITO,741,2018
4455,RENATO NIVEO GUIMARÃES MESQUITA,PRP,NÃO ELEITO,2576,2018
4456,OSVALDO APARECIDO SAN JUAN,PRP,NÃO ELEITO,1036,2018
4457,CARLOS ROBERTO SARAN,PRP,NÃO ELEITO,754,2018
4458,JAILTON DE JESUS SILVA,PRP,NÃO ELEITO,766,2018
4459,LINDINALVA GERCINA DA SILVA,PRP,NÃO ELEITO,193,2018
4460,JOLDEMAR NUNES CORRÊA,PRP,NÃO ELEITO,1066,2018
4461,SERGIO LUIZ PIMENTEL LEVY,PRP,NÃO ELEITO,1238,2018
4464,ANDRE DOS SANTOS SOUZA,PRP,NÃO ELEITO,110,2018
4465,FERNANDO POSSE CAPARROZ,PRP,NÃO ELEITO,694,2018
4466,SEVERINO JOSÉ DA SILVA,PRP,NÃO ELEITO,248,2018
4467,JANETE CRISTINA EVANGELISTA DE SOUZA ,PRP,NÃO ELEITO,346,2018
4468,VERA APARECIDA DE OLIVEIRA MASSON,PRP,NÃO ELEITO,122,2018
4469,LUCINDO CIOFFE GOMES,PRP,NÃO ELEITO,179,2018
4470,CELSO ORLANDO GALLI,PRP,NÃO ELEITO,159,2018
4473,EDMILSON TOMBI DE LIMA,PRP,NÃO ELEITO,45,2018
4474,ROSALIA SILVA SANTANA,PRP,NÃO ELEITO,60,2018
4477,PEDRO ROBERTO GOMES,PRP,NÃO ELEITO,16392,2018
4478,HAMILTON PEREIRA RIBEIRO JUNIOR,PRP,NÃO ELEITO,1914,2018
4480,MARCELO DOS REIS RAO,PRP,NÃO ELEITO,383,2018
4482,MARLUSIA ALVES DOS SANTOS SILVA,PRP,NÃO ELEITO,64,2018
4484,RICARDO ALVES DE MOURA,PRP,NÃO ELEITO,1475,2018
4485,DONIVAN MOACIR DE ALMEIDA,PRP,NÃO ELEITO,193,2018
4487,MARIA DAS GRAÇAS DA SILVA LOPES,PRP,NÃO ELEITO,255,2018
4488,ZOLEIDE DA ROSA,PRP,NÃO ELEITO,192,2018
4489,JOÃO RINALDO MACHADO,PRP,NÃO ELEITO,219,2018
4490,FRANCISCO CARLOS LIMA DOS SANTOS,PRP,NÃO ELEITO,603,2018
4491,MOACYR PAGEU DOS SANTOS,PRP,NÃO ELEITO,609,2018
4493,ROBERTO ANTONIO ALVES ,PRP,NÃO ELEITO,84,2018
4494,CATIA VERISSIMO DE SOUZA,PRP,NÃO ELEITO,156,2018
4495,ORLANDO CARLOS BALIZARDO,PRP,NÃO ELEITO,75,2018
4499,GILBERTO BENTO,PRP,NÃO ELEITO,2202,2018
4500,CARLOS HENRIQUE FOCESI SAMPAIO,PSDB,ELEITO POR QP,125666,2018
4501,MARCELLA IRANI REZENDE DA SILVA,PSDB,SUPLENTE,1152,2018
4502,LILIAN APARECIDA FERNANDES YABIKU,PSDB,SUPLENTE,1001,2018
4503,MARIA DA CONCEIÇÃO DE JESUS MOREIRA,PSDB,SUPLENTE,698,2018
4504,NELSON XIMENES JUNIOR,PSDB,SUPLENTE,1502,2018
4505,VANESSA PEREIRA DUTRA,PSDB,SUPLENTE,1014,2018
4508,REGINA MARIA CAMPOS ALHANAT,PSDB,SUPLENTE,979,2018
4509,ELISABETH DE AMORIM AMÂNCIO,PSDB,SUPLENTE,823,2018
4510,VITOR LIPPI,PSDB,ELEITO POR QP,120529,2018
4512,ANTONIO ADOLPHO LOBBE NETO,PSDB,SUPLENTE,73290,2018
4513,SILVANA PEREIRA MOTA JANUÁRIO,PSDB,SUPLENTE,1670,2018
4514,RODRIGO SANTANA,PSDB,SUPLENTE,8089,2018
4515,EDUARDO PEDROSA CURY,PSDB,ELEITO POR MÉDIA,94282,2018
4516,MARCIA VIVIANE DE PONTES QUEIROZ,PSDB,SUPLENTE,588,2018
4517,ALINE NASCIMENTO BARROZO TORRES,PSDB,SUPLENTE,13189,2018
4518,LAURI AFONSO DE OLIVEIRA ROCHA,PSDB,SUPLENTE,11799,2018
4519,NORMA MARGARIDA DE SOUSA CARVALHO,PSDB,SUPLENTE,430,2018
4520,MARCO AURÉLIO PILLA SOUZA,PSDB,SUPLENTE,14070,2018
4521,CARLOS FERNANDO FOGANHOLI,PSDB,SUPLENTE,3136,2018
4522,JOAO PAULO TAVARES PAPA,PSDB,SUPLENTE,47278,2018
4523,LUCI DE OLIVEIRA MATOS CARDIA,PSDB,SUPLENTE,4865,2018
4525,JOSÉ LUIZ ZACHARIAS DE QUEIROZ,PSDB,SUPLENTE,7834,2018
4526,MIGUEL ISAAC FILHO,PSDB,SUPLENTE,1123,2018
4527,ALEXANDRE GLUSKOSKI VENEGAS,PSDB,SUPLENTE,845,2018
4528,LIGIA MARIA ALVES PIOLA,PSDB,SUPLENTE,517,2018
4532,BRUNO MODESTO DOS SANTOS,PSDB,SUPLENTE,2882,2018
4533,ADÉRMIS MARINI JUNIOR,PSDB,SUPLENTE,40274,2018
4540,DANIEL FERNANDES BARBOSA,PSDB,SUPLENTE,9231,2018
4543,MARIA CELIA DE MELO,PSDB,SUPLENTE,264,2018
4544,ANTONIO FLORIANO PEREIRA PESARO,PSDB,SUPLENTE,49358,2018
4545,SAMANTA MARIA PINEDA DUARTE NOGUEIRA,PSDB,SUPLENTE,42282,2018
4546,MARINA CORREIA DA SILVA,PSDB,SUPLENTE,960,2018
4547,MIGUEL MOUBADDA HADDAD,PSDB,SUPLENTE,86042,2018
4549,JULIA ROSA DA CRUZ,PSDB,SUPLENTE,558,2018
4550,PEDRO MOTOITIRO KAWAI,PSDB,SUPLENTE,12957,2018
4551,VANDERLEI MACRIS,PSDB,ELEITO POR QP,102708,2018
4552,RUY RENATO REICHMANN,PSDB,SUPLENTE,769,2018
4554,IVANI VAZ DE LIMA,PSDB,SUPLENTE,15351,2018
4555,RAFAEL GOFFI MOREIRA,PSDB,SUPLENTE,26667,2018
4556,IZAQUE JOSÉ DA SILVA,PSDB,SUPLENTE,23606,2018
4557,MARCOS ANTONIO DE ALMEIDA RIBEIRO,PSDB,SUPLENTE,2870,2018
4558,ANTONIO DONIZETE LIMA DE ALENCAR,PSDB,SUPLENTE,1573,2018
4560,MARIA THEREZA PEREIRA DE LYRA COLLOR DE MELLO HALBREICH,PSDB,SUPLENTE,9064,2018
4563,REGINALDO OLIVEIRA DE ALMEIDA,PSDB,SUPLENTE,6862,2018
4565,JOSÉ RUBENS NAZELLO DE ALVARENGA TRIPOLI,PSDB,SUPLENTE,47283,2018
4566,FRANCISCO DE PAULA DE OLIVEIRA LEITE,PSDB,SUPLENTE,15214,2018
4567,FABRICIO COBRA ARBEX,PSDB,SUPLENTE,27507,2018
4570,FERNANDO CAPEZ,PSDB,SUPLENTE,66924,2018
4577,CARLOS ALBERTO DE QUADROS BEZERRA JUNIOR,PSDB,SUPLENTE,76588,2018
4578,MARIA DE JESUS LOPES MARTINS SILVA,PSDB,SUPLENTE,4035,2018
4580,SAMUEL MOREIRA DA SILVA JÚNIOR,PSDB,ELEITO POR QP,103215,2018
4585,BRUNA DIAS FURLAN,PSDB,ELEITO POR QP,126847,2018
4586,JOSÉ ANÍBAL PERES DE PONTES,PSDB,SUPLENTE,46751,2018
4588,ARNÔ RIBEIRO NOVAES,PSDB,SUPLENTE,5754,2018
4590,MAURÍCIO CELESTINO,PSDB,SUPLENTE,2997,2018
4595,CAROLINE GOMES FERREIRA,PSDB,SUPLENTE,10961,2018
4599,DIEGO FONSECA NASCIMENTO,PSDB,SUPLENTE,9804,2018
5000,SAMIA DE SOUZA BOMFIM,PSOL,ELEITO POR QP,249887,2018
5001,ADOLFO RAPHAEL SILVA MARIANO DE OLIVEIRA,PSOL,SUPLENTE,3789,2018
5002,RENATA DE MORAIS PESSOA,PSOL,SUPLENTE,13220,2018
5003,ARIOVALDO HAUCK DA SILVA,PSOL,SUPLENTE,1760,2018
5004,RAMON FERNANDES FAUSTINO,PSOL,SUPLENTE,2310,2018
5005,ALEXANDRE TORTORELLA MANDL,PSOL,SUPLENTE,6583,2018
5006,RENATO BENEDUCI ASSAD,PSOL,SUPLENTE,359,2018
5007,IVAN CANOLETTO RODRIGUES,PSOL,SUPLENTE,1378,2018
5008,ROBSON QUIRINO SALVADOR,PSOL,SUPLENTE,4396,2018
5009,HIGOR MAMEDE MARQUES DOS SANTOS,PSOL,SUPLENTE,1638,2018
5010,SAMUEL PEREIRA DOS SANTOS,PSOL,SUPLENTE,1090,2018
5011,WELLINGTON LUIZ CABRAL,PSOL,SUPLENTE,1730,2018
5012,VERA LUCIA STEFANOV,PSOL,SUPLENTE,1637,2018
5013,FABIO JOSE RODRIGUES DE MELLO,PSOL,SUPLENTE,7679,2018
5014,DANIEL DE CARVALHO,PSOL,SUPLENTE,1728,2018
5015,VIRGINIA MARIA BALDAN FERREIRA,PSOL,SUPLENTE,1185,2018
5016,FERNANDO BORGES CORREIA FILHO,PSOL,SUPLENTE,810,2018
5017,MURILO VASQUES CARMINATI AMATI,PSOL,SUPLENTE,1243,2018
5018,SILVANA SOARES DE ASSIS,PSOL,SUPLENTE,4363,2018
5019,LIVIA DE SALVI LAZANEO,PSOL,SUPLENTE,6263,2018
5020,AILTON AMARAL DOS SANTOS,PSOL,SUPLENTE,1920,2018
5021,LUIZA ERUNDINA DE SOUSA,PSOL,ELEITO POR QP,176883,2018
5022,NANCY DE OLIVEIRA GALVÃO,PSOL,SUPLENTE,1581,2018
5023,LUIZ CARLOS PEDROSO,PSOL,SUPLENTE,353,2018
5024,ANDREA WERNER SILVA BONOLI,PSOL,SUPLENTE,43142,2018
5025,JOSIE SILVESTRE DE MORAIS DA SILVA,PSOL,SUPLENTE,965,2018
5026,JOÃO PAULO MARQUEZINI MACHADO,PSOL,SUPLENTE,1965,2018
5027,ROBERTO BATISTA FERREIRA,PSOL,SUPLENTE,1394,2018
5028,RENAN DIAS OLIVEIRA,PSOL,SUPLENTE,1591,2018
5029,JUCIMAR SOUZA TENORIO,PSOL,SUPLENTE,666,2018
5030,DOUGLAS DONIZETE CARDOZO,PSOL,SUPLENTE,987,2018
5031,SILVIO ROBERTO BUENO CABRAL DE MEDEIROS FILHO,PSOL,SUPLENTE,1973,2018
5032,MARCELO CORREA NEVES,PSOL,SUPLENTE,275,2018
5033,CRISTIANE DE JESUS,PSOL,SUPLENTE,405,2018
5034,JUPIRA MANOEL SOBRINHO,PSOL,SUPLENTE,1074,2018
5035,PRISCILA DA SILVA CAVALCANTE URQUIA,PSOL,SUPLENTE,1449,2018
5036,EDMILSON COSTA SANTOS,PSOL,SUPLENTE,736,2018
5038,GLAUCO GIULIANO VICENTIN GOBBI,PSOL,SUPLENTE,1273,2018
5039,ADRIANA VASCONCELLOS VIEIRA,PSOL,SUPLENTE,20144,2018
5040,FELIPE BRILHANTE MAROPO,PSOL,SUPLENTE,1215,2018
5041,RICARDO DE LIMA,PSOL,SUPLENTE,912,2018
5042,FERNANDO TAVARES ARAÚJO DA SILVA,PSOL,SUPLENTE,5098,2018
5044,DENIS DANTAS DO CARMO,PSOL,SUPLENTE,1165,2018
5047,MARCELA DIAS MOREIRA,PSOL,SUPLENTE,6365,2018
5048,CAIO JULIO CESAR DEZORZI,PSOL,SUPLENTE,952,2018
5049,CLÁUDIO ARMELIN MELON,PSOL,SUPLENTE,3258,2018
5050,IVAN VALENTE,PSOL,ELEITO POR QP,155334,2018
5051,SILVANA DE MORAES,PSOL,SUPLENTE,838,2018
5052,DIANA SOUBIHE DE OLIVEIRA,PSOL,SUPLENTE,1981,2018
5053,ANDREIA OLIVEIRA DE SOUZA SANTOS,PSOL,SUPLENTE,726,2018
5054,ALZIRA BOMBONATO DE MELO RIOS DA SILVA,PSOL,SUPLENTE,2053,2018
5055,DÉBORA ALVES CAMILO,PSOL,SUPLENTE,6438,2018
5056,TADEU ARQUIMEDES RIBEIRO DE OLIVEIRA,PSOL,SUPLENTE,1052,2018
5057,DURVALINA SOARES SILVA,PSOL,SUPLENTE,1156,2018
5058,JUVENTINA DE JESUS SILVA CAMARGO,PSOL,SUPLENTE,1081,2018
5059,HERIC MOURA RODRIGUES,PSOL,SUPLENTE,818,2018
5060,JOSÉ CARMO ESPER,PSOL,SUPLENTE,684,2018
5066,JOSÉ EDUARDO OLIVEIRA,PSOL,SUPLENTE,2527,2018
5067,ANDRE LUIZ DE OLIVEIRA,PSOL,SUPLENTE,862,2018
5068,ROQUE JOSE FERREIRA,PSOL,SUPLENTE,1976,2018
5070,RICARDO URIZZI CARVALHO,PSOL,SUPLENTE,5379,2018
5072,MARCIA REGINA RIOS DA SILVA,PSOL,SUPLENTE,7526,2018
5075,DOUGLAS ELIAS BELCHIOR,PSOL,SUPLENTE,46026,2018
5076,LUCIANA XAVIER DA SILVA,PSOL,SUPLENTE,1937,2018
5077,JAIR PIZORUSSO,PSOL,SUPLENTE,1253,2018
5078,LUIS ANTONIO SANTOS DA LUZ,PSOL,SUPLENTE,4477,2018
5080,ADERITO CÁSSIO DE ASSIS DUTRA,PSOL,SUPLENTE,1756,2018
5081,SILVIO JOSÉ DE SOUZA FILHO,PSOL,SUPLENTE,818,2018
5083,FERNANDO RICARDO LADEIA,PSOL,SUPLENTE,663,2018
5084,EDUARDO ROCHAEL RODRIGUES CELESTINO DA SILVA,PSOL,SUPLENTE,263,2018
5085,JOÃO LIRA DA SILVA,PSOL,SUPLENTE,752,2018
5086,LEONARDO DE OLIVEIRA PASSOS,PSOL,SUPLENTE,382,2018
5087,HIGOR CAUÊ DE SOUZA OLIVEIRA,PSOL,SUPLENTE,1105,2018
5088,CÉLIO ROBERTO TURINO DE MIRANDA,PSOL,SUPLENTE,9074,2018
5089,SIDNEI SILVA DOS SANTOS,PSOL,SUPLENTE,564,2018
5090,RODRIGO PINTO CHIZOLINI,PSOL,SUPLENTE,12922,2018
5091,KATIA DE OLIVEIRA TRINDADE,PSOL,SUPLENTE,2513,2018
5092,ELISANGELA JOVANA DOS SANTOS,PSOL,SUPLENTE,1921,2018
5095,ALMIR VALENTE FELITTE,PSOL,SUPLENTE,1510,2018
5096,PAULO CESAR MARTIMIANO,PSOL,SUPLENTE,945,2018
5098,SEBASTIÃO CARLOS DE OLIVEIRA,PSOL,SUPLENTE,615,2018
5099,VITOR JOSÉ SANTOS DE OLIVEIRA,PSOL,SUPLENTE,4352,2018
5100,CLAUDIA CASTANHEIRA,PATRI,NÃO ELEITO,8599,2018
5101,REYNALDO CAMPANATTI PEREIRA,PATRI,NÃO ELEITO,14565,2018
5102,ELISABETE ANTONIO DO PRADO SILVA,PATRI,NÃO ELEITO,3411,2018
5103,LUIZ CARLOS MOTA,PATRI,NÃO ELEITO,7196,2018
5104,JOSÉ ANTONIO DUPAS,PATRI,NÃO ELEITO,2677,2018
5106,MAURICI ARAGÃO TAVARES,PATRI,NÃO ELEITO,1148,2018
5107,ALEXANDRE ANNIBALDI,PATRI,NÃO ELEITO,438,2018
5108,JUSSARIO VAGNER PELONHA GREGORIO,PATRI,NÃO ELEITO,1984,2018
5109,ROBERTO MARTINS PEREIRA,PATRI,NÃO ELEITO,803,2018
5110,EDMILSON ALMEIDA DOS SANTOS,PATRI,NÃO ELEITO,3031,2018
5111,GISELLA PULVIRENTI,PATRI,NÃO ELEITO,386,2018
5113,LUCIANA CIRILO DOS SANTOS,PATRI,NÃO ELEITO,435,2018
5114,RENATO PAIM,PATRI,NÃO ELEITO,1991,2018
5116,CLAUDIO PERESSIM,PATRI,NÃO ELEITO,4882,2018
5118,LUIS FERNANDO PINHEIRO GESSE,PATRI,NÃO ELEITO,6136,2018
5119,JOSEVANE ALVES DE JESUS PEREIRA,PATRI,NÃO ELEITO,673,2018
5120,ELIAS DOS SANTOS BITENCOURT,PATRI,NÃO ELEITO,2799,2018
5121,CLOVES ALVES DE SOUZA,PATRI,NÃO ELEITO,1129,2018
5122,SERGIO KHODOR CURY,PATRI,NÃO ELEITO,672,2018
5123,FLAVIO FRANCISCO NAVARRO,PATRI,NÃO ELEITO,3118,2018
5124,ANA CRISTINA TEIXEIRA DE ARAÚJO,PATRI,NÃO ELEITO,377,2018
5125,FAUSTO LANDI,PATRI,NÃO ELEITO,751,2018
5126,RICARDO GUIRON,PATRI,NÃO ELEITO,123,2018
5127,ANTONIO DE ASSIS DE ARAUJO,PATRI,NÃO ELEITO,721,2018
5128,FABIO PAES MACCACCHERO,PATRI,NÃO ELEITO,1956,2018
5130,ANTONIO GUSTAVO ALVES LOPES,PATRI,NÃO ELEITO,2329,2018
5131,RENATA TEODORO DA FONSECA,PATRI,NÃO ELEITO,842,2018
5132,LUIS HENRIQUE VICENTE DE OLIVEIRA,PATRI,NÃO ELEITO,555,2018
5133,ARISTIDES JACINTO BRUSCHI,PATRI,NÃO ELEITO,2358,2018
5134,FLAVIO GOMES FREIRE,PATRI,NÃO ELEITO,96,2018
5135,JOSE ANTONIO BARBOZA,PATRI,NÃO ELEITO,367,2018
5136,HORACIO CAYRES JUNIOR,PATRI,NÃO ELEITO,1839,2018
5137,LUIZ FERNANDO FILIPPI SAMBIASE,PATRI,NÃO ELEITO,142,2018
5138,SIRLEIDE REIS BRITO,PATRI,NÃO ELEITO,337,2018
5139,OSVALDO BORGES CARDOSO,PATRI,NÃO ELEITO,1787,2018
5140,OSMAR PEREIRA DA SILVA,PATRI,NÃO ELEITO,853,2018
5141,JUCIMARA APARECIDA DE SOUZA,PATRI,NÃO ELEITO,405,2018
5142,RUBENS MASSASHI ITO,PATRI,NÃO ELEITO,729,2018
5144,ERNESTO CAMARSANO JUNIOR,PATRI,NÃO ELEITO,704,2018
5145,ROGERIO SILVA LOPES ,PATRI,NÃO ELEITO,1086,2018
5147,MARCIA VALERIA MARQUES LOPES SAQUETO,PATRI,NÃO ELEITO,443,2018
5148,JORGE FERREIRA LIMA,PATRI,NÃO ELEITO,179,2018
5149,MIRIAM LUSSEZANO DE CARVALHO LOPES,PATRI,NÃO ELEITO,333,2018
5150,MAURICIO CRUZ BICHARA FILHO,PATRI,NÃO ELEITO,444,2018
5151,ADILSON BARROSO OLIVEIRA,PATRI,NÃO ELEITO,42717,2018
5152,WALDEMAR ALVES FARIA JUNIOR,PATRI,NÃO ELEITO,2720,2018
5153,ELISEU DE SOUZA LOPES,PATRI,NÃO ELEITO,977,2018
5154,ENEAS LOPES DA SILVA,PATRI,NÃO ELEITO,302,2018
5155,DANIEL MARTINS CARDOSO,PATRI,NÃO ELEITO,4765,2018
5156,RUTE COSTA SOBRINHA,PATRI,NÃO ELEITO,1173,2018
5157,ELIENE SIQUEIRA RIBEIRO,PATRI,NÃO ELEITO,96,2018
5158,ADEMIR GONCALVES DE OLIVEIRA,PATRI,NÃO ELEITO,1935,2018
5159,MARCOS PAULO DA SILVA,PATRI,NÃO ELEITO,698,2018
5160,WELLINGTON BARBOSA,PATRI,NÃO ELEITO,197,2018
5161,SUZELAINE PEDRONI ROSA,PATRI,NÃO ELEITO,838,2018
5162,JOSÉ ROBERTO RODRIGUES DE ALCANTARA,PATRI,NÃO ELEITO,717,2018
5163,FABIANA DA SILVA BARROS,PATRI,NÃO ELEITO,57,2018
5164,ADRIANA GUEDES MACHADO,PATRI,NÃO ELEITO,1113,2018
5165,ALTAIR JOSE DE SOUZA,PATRI,NÃO ELEITO,582,2018
5166,ROBSON LIEBETANZ DZELVE CALABIANQUI JUNIOR,PATRI,NÃO ELEITO,1589,2018
5167,BRAZ RODRIGUES,PATRI,NÃO ELEITO,2164,2018
5168,ALBENISIA SOUZA NASCIMENTO,PATRI,NÃO ELEITO,132,2018
5169,SILAS DA SILVA MOREIRA,PATRI,NÃO ELEITO,1665,2018
5170,FERNANDO CHIARELLI,PATRI,NÃO ELEITO,22261,2018
5171,ROSILEIDE PEREIRA DOS SANTOS,PATRI,NÃO ELEITO,226,2018
5172,VERA LUCIA SANTOS DE FRANÇA,PATRI,NÃO ELEITO,269,2018
5173,DANIEL DE ANDRADE VIEIRA,PATRI,NÃO ELEITO,1285,2018
5174,CELINA CLAUDIA MENEZES LEMES,PATRI,NÃO ELEITO,771,2018
5175,CLAUDINEI CHINEMANN,PATRI,NÃO ELEITO,339,2018
5176,ADELIA DE JESUS SOARES,PATRI,NÃO ELEITO,718,2018
5177,ROBINSON HERRERO NOVAIS,PATRI,NÃO ELEITO,2063,2018
5179,FABIANO ORIVALDO SILVA SERVELO,PATRI,NÃO ELEITO,2489,2018
5180,ADALBERTO MARIANO DOS SANTOS,PATRI,NÃO ELEITO,2001,2018
5181,FRANQUENEI BARROSO GOMES,PATRI,NÃO ELEITO,258,2018
5182,WILSON PRUDENCIO DE OLIVEIRA,PATRI,NÃO ELEITO,709,2018
5183,ADRIANO DA SILVA NEIVA,PATRI,NÃO ELEITO,1062,2018
5185,JANIO ANTONIO ROSA,PATRI,NÃO ELEITO,328,2018
5186,MANOEL DOS SANTOS SILVA IRMÃO,PATRI,NÃO ELEITO,557,2018
5187,RENAN THIAGO CALDATO BENTO GARCIA,PATRI,NÃO ELEITO,350,2018
5188,JOSE BARBOSA DA SILVA,PATRI,NÃO ELEITO,4660,2018
5189,SILVANA MESQUITA DA SILVA,PATRI,NÃO ELEITO,4892,2018
5190,ANA PAULA DAMACENO DE OLIVEIRA,PATRI,NÃO ELEITO,574,2018
5191,WILLIAM DE FREITAS PAES,PATRI,NÃO ELEITO,506,2018
5192,MARIO HIDEO MIZUNO,PATRI,NÃO ELEITO,1543,2018
5193,DIOBEL DE LIMA FERNANDES,PATRI,NÃO ELEITO,2196,2018
5194,RITA MANUELA MATTOS DOS SANTOS,PATRI,NÃO ELEITO,437,2018
5195,SILVANA DAMASIO ABREU,PATRI,NÃO ELEITO,252,2018
5196,OSVALDO CORREIA,PATRI,NÃO ELEITO,151,2018
5197,SONIA DAS GRAÇAS RIBEIRO SILVEIRA,PATRI,NÃO ELEITO,424,2018
5198,EDILAINE PIRES,PATRI,NÃO ELEITO,1456,2018
5199,VANILDA APARECIDA BUENO BORDIERI POLI,PATRI,NÃO ELEITO,18604,2018
5400,JORGE ALVES DE ALMEIDA VENANCIO,PPL,NÃO ELEITO,1712,2018
5401,TADEU AMARAL,PPL,NÃO ELEITO,238,2018
5402,DARO MARCOS PIFFER,PPL,NÃO ELEITO,985,2018
5404,FABIANO DA SILVA AVELINO,PPL,NÃO ELEITO,502,2018
5405,RICARDO CONSTANCIO GOMES,PPL,NÃO ELEITO,542,2018
5407,CIBELE APARECIDA DE OLIVEIRA,PPL,NÃO ELEITO,379,2018
5408,GABRIEL AUGUSTO PEREIRA,PPL,NÃO ELEITO,645,2018
5409,IDIVANIR DE MOURA MESQUITA,PPL,NÃO ELEITO,508,2018
5410,VALDINEIA MEIRA MOTA,PPL,NÃO ELEITO,2041,2018
5411,LUIZ FERNANDO BRASILIENSE,PPL,NÃO ELEITO,2168,2018
5412,ILMO HONORATO FERNANDES,PPL,NÃO ELEITO,553,2018
5413,JOSÉ AUGUSTINHO DOS SANTOS,PPL,NÃO ELEITO,990,2018
5414,FRANCISCO NOGUEIRA DA SILVA,PPL,NÃO ELEITO,720,2018
5415,WILLIAM SANTOS RODRIGUES,PPL,NÃO ELEITO,413,2018
5420,WELLINGTON GONCALVES ADRIANO,PPL,NÃO ELEITO,406,2018
5421,CLAUDIO JOSÉ DE ANDRADE,PPL,NÃO ELEITO,670,2018
5422,CICERO ALVES DE CASTRO,PPL,NÃO ELEITO,950,2018
5423,ALEXANDRE DE SOUZA COMITRE,PPL,NÃO ELEITO,378,2018
5424,NADIA SILVA DIDONATO,PPL,NÃO ELEITO,292,2018
5425,WILSON MENDES,PPL,NÃO ELEITO,676,2018
5430,WALTER ALVES NEVES,PPL,NÃO ELEITO,10047,2018
5432,JOSENILDO PEREIRA LEITE,PPL,NÃO ELEITO,707,2018
5434,DIÓGENES LUCAS DE CAMPOS,PPL,NÃO ELEITO,1897,2018
5437,TANIA MARA STAMBONI DE JESUS,PPL,NÃO ELEITO,228,2018
5440,MONICA NADAL PIMENTA,PPL,NÃO ELEITO,490,2018
5442,SOLANGE LARA PUPO,PPL,NÃO ELEITO,277,2018
5444,ADMIR GERVASIO MOREIRA,PPL,NÃO ELEITO,1150,2018
5445,SONIA REGINA BRANCO,PPL,NÃO ELEITO,279,2018
5446,KEILA PEREIRA FRANCISCO,PPL,NÃO ELEITO,1413,2018
5450,ARTUR BUENO DE CAMARGO,PPL,NÃO ELEITO,1182,2018
5451,FABIO ALEXANDRELLI,PPL,NÃO ELEITO,362,2018
5453,ROSEMEIRE MARCONDES DE MORAES,PPL,NÃO ELEITO,227,2018
5454,JOSÉ LUIZ CALVO,PPL,NÃO ELEITO,4220,2018
5455,JACINTO MOREIRA MILAGRES,PPL,NÃO ELEITO,705,2018
5456,ROGERIO DA SILVA DO NASCIMENTO,PPL,NÃO ELEITO,543,2018
5457,LUCIA APARECIDA MORETTI,PPL,NÃO ELEITO,170,2018
5458,LUIZ ROBERTO COPATI,PPL,NÃO ELEITO,1198,2018
5460,CICERO FIRMINO DA SILVA,PPL,NÃO ELEITO,2180,2018
5464,VILSON FERREIRA DORNELLES,PPL,NÃO ELEITO,1806,2018
5465,ANTONIO LUIZ MACEDO,PPL,NÃO ELEITO,329,2018
5466,MILTON FERREIRA MENDES,PPL,NÃO ELEITO,723,2018
5469,YURI ABYAZA COSTA,PPL,NÃO ELEITO,303,2018
5470,JAIR CAVALCANTE VAZ,PPL,NÃO ELEITO,1305,2018
5473,EUFLATES CELESTINO DE LIMA,PPL,NÃO ELEITO,490,2018
5475,MARIA DAS NEVES FERREIRA MOURA,PPL,NÃO ELEITO,243,2018
5476,FERNANDO SERGIO COVRE,PPL,NÃO ELEITO,326,2018
5477,MARIA APARECIDA DE SOUSA,PPL,NÃO ELEITO,233,2018
5482,ICARO ROBERTO FAGUNDES,PPL,NÃO ELEITO,928,2018
5489,INDALÉCIO ADRIANO LIMA,PPL,NÃO ELEITO,1042,2018
5491,SIMONE APARECIDA DOS SANTOS OLIVEIRA,PPL,NÃO ELEITO,599,2018
5499,SONIA HIPÓLITA DE SOUZA SAWAZKI,PPL,NÃO ELEITO,417,2018
5500,MARCO AURELIO BERTAIOLLI,PSD,ELEITO POR QP,137628,2018
5501,GUILHERME DE ANDRADE CAMPOS ABDALLA,PSD,SUPLENTE,1311,2018
5505,FABIO CONSTANTINO PALACIO,PSD,SUPLENTE,16782,2018
5511,EDSON BATISTA DA SILVA,PSD,SUPLENTE,514,2018
5520,GISLAINE LAMBERT DE BRITO DOS SANTOS,PSD,SUPLENTE,658,2018
5524,FRANCISCO JOSÉ PANSIGA JUNIOR,PSD,SUPLENTE,459,2018
5525,PATRICIA CLAUREN SANTOS DA SILVA,PSD,SUPLENTE,1398,2018
5530,ALEX DOUGLAS DOS SANTOS,PSD,SUPLENTE,1943,2018
5533,JOSÉ ANTONIO FIGUEIREDO ANTIORIO FILHO,PSD,SUPLENTE,3230,2018
5538,MAURÍCIO JOSÉ LEMOS FREIRE,PSD,SUPLENTE,8883,2018
5545,AILTON JOSÉ DE LIMA,PSD,SUPLENTE,40672,2018
5550,SAMIRA JORGOV LIMA,PSD,SUPLENTE,867,2018
5551,PAOLA ROSA ESTEVÃO,PSD,SUPLENTE,1616,2018
5552,LUCILA DE ARAÚJO RODRIGUES CALDAS,PSD,SUPLENTE,498,2018
5555,ELEUSES VIEIRA DE PAIVA,PSD,SUPLENTE,81160,2018
5556,MARCELO DE LIMA FERNANDES,PSD,SUPLENTE,53933,2018
5565,MONICA CATTANI,PSD,SUPLENTE,1794,2018
5570,GABRIELLE JORDANO DE OLIVEIRA,PSD,SUPLENTE,457,2018
5577,ANTONIO CEZAR CORREIA FREIRE,PSD,ELEITO POR QP,119024,2018
5580,ANTONIO GOULART DOS REIS,PSD,SUPLENTE,62129,2018
5590,GUILHERME CAMPOS JÚNIOR,PSD,SUPLENTE,59615,2018
5599,WALTER SHINDI IIHOSHI,PSD,SUPLENTE,66428,2018
6519,MARIA GIOVANA LUCHIARI PISONI DUARTE FORTUNATO,PC do B,SUPLENTE,15303,2018
6565,ORLANDO SILVA DE JESUS JUNIOR,PC do B,ELEITO POR MÉDIA,64822,2018
7000,EDUARDO SIVINSKI,AVANTE,NÃO ELEITO,9149,2018
7001,ANDREIA OLIVEIRA LIMA,AVANTE,NÃO ELEITO,297,2018
7002,CARLOS ALBERTO BITENCOURT BARROSO,AVANTE,NÃO ELEITO,966,2018
7003,MAURA RITA DE OLIVEIRA,AVANTE,NÃO ELEITO,1210,2018
7004,LUCIANE TORRECILLAS SARRAF,AVANTE,NÃO ELEITO,17977,2018
7005,CARLA ALESSANDRA FRANCISCO,AVANTE,NÃO ELEITO,331,2018
7006,LIETIDES RAMOS DE NOVAES,AVANTE,NÃO ELEITO,1134,2018
7007,RONALDO VLADEMIR FERREIRA,AVANTE,NÃO ELEITO,4495,2018
7008,JOSE AROALDO DOS SANTOS JÚNIOR,AVANTE,NÃO ELEITO,870,2018
7009,DAYANE AMARO COSTA,AVANTE,NÃO ELEITO,903,2018
7010,JOSE RIBAMAR GOMES DA SILVA,AVANTE,NÃO ELEITO,4679,2018
7011,EVÃNIO MARCELINO,AVANTE,NÃO ELEITO,314,2018
7012,SAMUEL PROCOPIO,AVANTE,NÃO ELEITO,6589,2018
7013,MARIA CECILIA BEZERRA DA SILVA,AVANTE,NÃO ELEITO,1486,2018
7014,RENATO PINHEIRO DA SILVA,AVANTE,NÃO ELEITO,1108,2018
7015,VALQUÍRIA PENHA SOUZA,AVANTE,NÃO ELEITO,209,2018
7016,DEBORA APARECIDA LIBRELON GONDIM,AVANTE,NÃO ELEITO,325,2018
7017,RICARDO FIORAVANTI SPINDOLA,AVANTE,NÃO ELEITO,1777,2018
7018,CLODOALDO MAIOLINI FILHO,AVANTE,NÃO ELEITO,2306,2018
7019,LEANDRO RODRIGO RAMOS,AVANTE,NÃO ELEITO,1350,2018
7020,ANTONIO RODRIGUEZ JUNIOR,AVANTE,NÃO ELEITO,169,2018
7021,NADIA MARASSATTI MARTINS,AVANTE,NÃO ELEITO,410,2018
7022,ANA MARIA FREIRE DA SILVA,AVANTE,NÃO ELEITO,520,2018
7023,ROBERTO FRANCISCO DE SOUZA,AVANTE,NÃO ELEITO,1138,2018
7024,PAULINA ROSA DE SOUZA JACINTO,AVANTE,NÃO ELEITO,123,2018
7025,MARIA DA VITÓRIA DE OLIVEIRA DANTAS,AVANTE,NÃO ELEITO,238,2018
7026,CASSIO ROBERTO DOS REIS MARQUES,AVANTE,NÃO ELEITO,8710,2018
7027,JI NA PARK,AVANTE,NÃO ELEITO,438,2018
7028,RUBENS XAVIER FILHO,AVANTE,NÃO ELEITO,504,2018
7029,DANIELA CARUSO MARIANO,AVANTE,NÃO ELEITO,400,2018
7030,DEBORAH CAMBURIAN ZILBERSTEIN,AVANTE,NÃO ELEITO,1574,2018
7031,ANTONIO CARLOS PEDRO JUNIOR,AVANTE,NÃO ELEITO,650,2018
7032,SERGIO INÊS GONÇALVES,AVANTE,NÃO ELEITO,655,2018
7033,LAUDO NATEL IASULAITIS,AVANTE,NÃO ELEITO,2588,2018
7034,KLEBER ORTEGA TORRES,AVANTE,NÃO ELEITO,739,2018
7035,RODRIGO DE OLIVEIRA VICENTE,AVANTE,NÃO ELEITO,302,2018
7036,SÔNIA MARIA DE ARAUJO,AVANTE,NÃO ELEITO,462,2018
7037,HOMERO LIMA,AVANTE,NÃO ELEITO,714,2018
7038,JOYCE KELLY GUMIERO,AVANTE,NÃO ELEITO,267,2018
7039,MARTINS DA SILVA MENEZES,AVANTE,NÃO ELEITO,470,2018
7040,ALAN SOUSA BOMFIM,AVANTE,NÃO ELEITO,7721,2018
7041,JEFERSON DE CAMARGO,AVANTE,NÃO ELEITO,588,2018
7042,ANDREIA DAS NEVES OLIVEIRA,AVANTE,NÃO ELEITO,360,2018
7043,ADRIANO PEREIRA DE OLIVEIRA,AVANTE,NÃO ELEITO,418,2018
7044,SIVALDO DE JESUS,AVANTE,NÃO ELEITO,857,2018
7045,EVANDRO DE SOUZA SERRÃO,AVANTE,NÃO ELEITO,582,2018
7046,PAULO SÉRGIO GONÇALVES DA SILVA,AVANTE,NÃO ELEITO,598,2018
7047,ALEXANDRE MILANI DAS CHAGAS,AVANTE,NÃO ELEITO,1183,2018
7048,GERALDO DE SOUZA SOBRINHO,AVANTE,NÃO ELEITO,651,2018
7049,MARIA ALICE CAMPOS DA SILVA,AVANTE,NÃO ELEITO,339,2018
7050,APARECIDO MARIN,AVANTE,NÃO ELEITO,660,2018
7051,MARCOS DE OLIVEIRA SAMPAIO,AVANTE,NÃO ELEITO,73,2018
7052,SILVANA MARIA BARBOSA MARQUES,AVANTE,NÃO ELEITO,250,2018
7053,VANIA MAIA DOS REIS,AVANTE,NÃO ELEITO,183,2018
7054,LUCIANO MARCELINO CAMARGO,AVANTE,NÃO ELEITO,2799,2018
7055,JANIQUELE MARIA DA SILVA FERREIRA,AVANTE,NÃO ELEITO,4524,2018
7056,JAIR AVELINO DOS SANTOS,AVANTE,NÃO ELEITO,2010,2018
7058,CLESON ALVES DE SOUSA,AVANTE,NÃO ELEITO,1237,2018
7059,ELLEN CRISTINA DE MORAES,AVANTE,NÃO ELEITO,493,2018
7060,JOSÉ APARECIDO RIBEIRO,AVANTE,NÃO ELEITO,1308,2018
7061,DARCI SUEIRO JUNIOR,AVANTE,NÃO ELEITO,465,2018
7062,SEBASTIÃO GOMES NETO,AVANTE,NÃO ELEITO,286,2018
7063,MÁRCIO DA SILVA ANDRADE,AVANTE,NÃO ELEITO,441,2018
7065,ALEXSANDRO DE JESUS PEREIRA,AVANTE,NÃO ELEITO,517,2018
7066,ROMILDO LUIZ DA FONSECA,AVANTE,NÃO ELEITO,538,2018
7067,SIMONE DE CASTRO MELO,AVANTE,NÃO ELEITO,244,2018
7068,VALÉRIA MARTINS VIEIRA,AVANTE,NÃO ELEITO,142,2018
7069,LUIZ CARLOS TRUCOLO,AVANTE,NÃO ELEITO,847,2018
7070,CÂNDIDO ELPIDIO DE SOUZA VACCAREZZA,AVANTE,NÃO ELEITO,5297,2018
7071,LUIZ CARLOS DA SILVA,AVANTE,NÃO ELEITO,843,2018
7072,ANTONIO JOSE ONOFRE DE MELO,AVANTE,NÃO ELEITO,664,2018
7073,VÂNIA MARIA CRETUCCI,AVANTE,NÃO ELEITO,440,2018
7074,RENATO PASCHOAL STAIBANO,AVANTE,NÃO ELEITO,1230,2018
7075,PATRICIA ALMEIDA TAVARES DA SILVA,AVANTE,NÃO ELEITO,256,2018
7076,VALDEIR LUCCHIARI,AVANTE,NÃO ELEITO,1966,2018
7077,ALEXANDRE DE OLIVEIRA,AVANTE,NÃO ELEITO,2377,2018
7078,EDVALDO RANZANI CARLOS,AVANTE,NÃO ELEITO,525,2018
7079,JOSE EDILSON PACHECO SILVA,AVANTE,NÃO ELEITO,345,2018
7080,GERALDO MARÇAL DA SILVA,AVANTE,NÃO ELEITO,648,2018
7081,ERIKA MIWAKO NAKASHIMA VIEIRA,AVANTE,NÃO ELEITO,283,2018
7082,MARCIA PEREIRA PEDRO BATISTA,AVANTE,NÃO ELEITO,140,2018
7083,JAIRO CHAVES MASCARO,AVANTE,NÃO ELEITO,251,2018
7084,JOSE VASCONCELO VIANA,AVANTE,NÃO ELEITO,376,2018
7085,JOSE ROMILDO DA SILVA,AVANTE,NÃO ELEITO,387,2018
7087,RAFAEL ARTHUR ABRAHÃO,AVANTE,NÃO ELEITO,327,2018
7088,HELCIO ALVARES SOARES,AVANTE,NÃO ELEITO,773,2018
7089,SULINAR JOSÉ DE OLIVEIRA,AVANTE,NÃO ELEITO,967,2018
7090,PAULO SÉRGIO OLIVEIRA,AVANTE,NÃO ELEITO,4514,2018
7091,MARCOS ANTÔNIO REMANZINI,AVANTE,NÃO ELEITO,349,2018
7092,DONATO JOSÉ MEDEIROS,AVANTE,NÃO ELEITO,1468,2018
7093,DURVAL PARREIRA NETO,AVANTE,NÃO ELEITO,322,2018
7094,WAGNER CEOLIN,AVANTE,NÃO ELEITO,105,2018
7096,IVAN NATAL FATORETO,AVANTE,NÃO ELEITO,4837,2018
7097,ANTÔNIO CESAR SANTANA,AVANTE,NÃO ELEITO,216,2018
7098,JOSE ROBERTO RODRIGUES JUNIOR,AVANTE,NÃO ELEITO,683,2018
7099,PATRICIA DE MORAIS,AVANTE,NÃO ELEITO,734,2018
7702,MAGNOVALDO PAULO DO NASCIMENTO,SOLIDARIEDADE,SUPLENTE,298,2018
7703,FERNANDO JOSÉ DE SOUZA,SOLIDARIEDADE,SUPLENTE,2234,2018
7706,FERNANDO ANTONIO MARCELO,SOLIDARIEDADE,SUPLENTE,1544,2018
7707,IKAROS RICARDO BRAIMIS JUNIOR,SOLIDARIEDADE,SUPLENTE,2162,2018
7708,VALDIR APARECIDO FUMIS,SOLIDARIEDADE,SUPLENTE,5464,2018
7709,EDILMA MARIA DA SILVA,SOLIDARIEDADE,SUPLENTE,600,2018
7710,MOISES SILVA SOUZA,SOLIDARIEDADE,SUPLENTE,658,2018
7711,EDSON SILVA SANTOS,SOLIDARIEDADE,SUPLENTE,591,2018
7712,FRANCISCO PEREIRA DE SOUSA,SOLIDARIEDADE,SUPLENTE,25908,2018
7713,MANOEL DAMIÃO GOMES BARBOSA,SOLIDARIEDADE,SUPLENTE,710,2018
7714,MARCIONILIO CAMARGO DOS SANTOS,SOLIDARIEDADE,SUPLENTE,358,2018
7717,MARIA GORETE DA SILVA AQUINO,SOLIDARIEDADE,SUPLENTE,533,2018
7718,CARLOS FERNANDO CAETANO DE MORAES,SOLIDARIEDADE,SUPLENTE,443,2018
7720,GILCE TEREZA CORREIA DOS SANTOS,SOLIDARIEDADE,SUPLENTE,484,2018
7722,IVANILDO PEREIRA LOBO,SOLIDARIEDADE,SUPLENTE,8726,2018
7725,BRIGIDA CAIRES DINARDI,SOLIDARIEDADE,SUPLENTE,522,2018
7727,SIMONE MIRANDA ALCÂNTARA LEITE,SOLIDARIEDADE,SUPLENTE,1096,2018
7731,NELSON BENTO,SOLIDARIEDADE,SUPLENTE,111,2018
7733,EDIVALDO SILVA MEIRA,SOLIDARIEDADE,SUPLENTE,2958,2018
7737,MARLI REGES FERREIRA,SOLIDARIEDADE,SUPLENTE,1364,2018
7738,LUCIMEIRE GONÇALVES PEREIRA,SOLIDARIEDADE,SUPLENTE,345,2018
7740,EDUARDO PEREIRA DE ABREU,SOLIDARIEDADE,SUPLENTE,3844,2018
7744,ALLINY FERNANDA SARTORI PADALINO ROGÉRIO,SOLIDARIEDADE,SUPLENTE,7415,2018
7745,TALMIR RODRIGUES,SOLIDARIEDADE,SUPLENTE,12816,2018
7747,VALMIR JORGE PEREIRA,SOLIDARIEDADE,SUPLENTE,1734,2018
7749,KARIUM DE ALMEIDA BRIZOLLA,SOLIDARIEDADE,SUPLENTE,271,2018
7750,ALEXANDRE AUGUSTO FERREIRA,SOLIDARIEDADE,SUPLENTE,12908,2018
7751,FERNANDO DOS SANTOS COELHO,SOLIDARIEDADE,SUPLENTE,1521,2018
7755,EDITH FERREIRA DE SOUZA OLIVEIRA,SOLIDARIEDADE,SUPLENTE,723,2018
7756,RODNEI OLIVEIRA DA SILVA,SOLIDARIEDADE,SUPLENTE,10609,2018
7759,MICHELLE GONZAGA DO AMARAL SOUZA,SOLIDARIEDADE,SUPLENTE,686,2018
7760,ANTONIO MARMO FOGAÇA,SOLIDARIEDADE,SUPLENTE,4142,2018
7766,PAULO BENEDITO DOS SANTOS,SOLIDARIEDADE,SUPLENTE,1026,2018
7770,MARCOS JULIANO FERREIRA,SOLIDARIEDADE,SUPLENTE,15905,2018
7772,ANDREIA APARECIDA GOMES DE SOUSA FERNANDES,SOLIDARIEDADE,SUPLENTE,292,2018
7777,PAULO PEREIRA DA SILVA,SOLIDARIEDADE,ELEITO POR MÉDIA,75613,2018
7778,RONAN ALOISIO GOULART,SOLIDARIEDADE,SUPLENTE,617,2018
7780,REGINALDO DA CRUZ,SOLIDARIEDADE,SUPLENTE,1040,2018
7781,CLAUDETE APARECIDA DO NASCIMENTO,SOLIDARIEDADE,SUPLENTE,715,2018
7783,RAYMARA GARRIDO GARCIA,SOLIDARIEDADE,SUPLENTE,810,2018
7785,ROBERTO VITOR DA SILVA,SOLIDARIEDADE,SUPLENTE,446,2018
7787,CARLOS MANOEL AVILA SANTOS,SOLIDARIEDADE,SUPLENTE,2229,2018
7789,EDNA FEDOSSI DE SOUZA GARCIA DA COSTA,SOLIDARIEDADE,SUPLENTE,12124,2018
7790,NANCI SANTANA MACHADO,SOLIDARIEDADE,SUPLENTE,256,2018
7799,JOSÉ LUIZ RIBEIRO,SOLIDARIEDADE,SUPLENTE,24569,2018
9000,JARKSON VILAR DA SILVA,PROS,NÃO ELEITO,1824,2018
9001,JOSE CARLOS RODRIGUES DE SOUSA SILVA,PROS,NÃO ELEITO,2705,2018
9002,MARCOS ROBERTO BARBOSA AIRES,PROS,NÃO ELEITO,5288,2018
9003,GILBERTO CAETANO DE FRANÇA,PROS,NÃO ELEITO,4083,2018
9004,MARLI APARECIDA PROSPERO,PROS,NÃO ELEITO,241,2018
9005,PAULO ROBERTO BENEGAS DE MORAIS,PROS,NÃO ELEITO,2388,2018
9007,FÁBIO SOARES DE OLIVEIRA,PROS,NÃO ELEITO,6667,2018
9008,VALMOR RODRIGUES DE PONTES,PROS,NÃO ELEITO,383,2018
9009,CARLOS EDUARDO BETTIATI,PROS,NÃO ELEITO,987,2018
9010,GUILHERME TIOSSO DE CASTRO,PROS,NÃO ELEITO,7742,2018
9011,OSÉIAS FRANCISCO DA SILVA,PROS,NÃO ELEITO,6284,2018
9012,MILTON NERY NETO,PROS,NÃO ELEITO,13822,2018
9013,MARCELO GOMES COELHO,PROS,NÃO ELEITO,1206,2018
9014,GERALDO DE MORAES MARQUES,PROS,NÃO ELEITO,169,2018
9015,ZENILDA LUCIANA MATOS FERREIRA DA SILVA,PROS,NÃO ELEITO,127,2018
9016,SILVIO BARBOSA LOPES FILHO,PROS,NÃO ELEITO,1619,2018
9017,VALFRIDO SOARES PEREIRA NETO,PROS,NÃO ELEITO,362,2018
9018,SELMA MACEDO DE OLIVEIRA,PROS,NÃO ELEITO,541,2018
9019,MOACIR RODRIGUES FERNANDES,PROS,NÃO ELEITO,1060,2018
9020,FERNANDA CERQUEIRA CAMPOS VILLANOVA,PROS,NÃO ELEITO,557,2018
9022,EVERALDO LISBOA DE BRITO,PROS,NÃO ELEITO,312,2018
9023,SAULO GOES DE ALBUQUERQUE,PROS,NÃO ELEITO,6523,2018
9024,SEVERINO DOS RAMOS LAURENTINO DOS SANTOS,PROS,NÃO ELEITO,1390,2018
9025,LILIANE DOREA DOS SANTOS SIMOES,PROS,NÃO ELEITO,423,2018
9026,ISISMAYARA DAS GRAÇAS CARDOSO,PROS,NÃO ELEITO,257,2018
9027,FABIO GOMES SOUTO,PROS,NÃO ELEITO,1096,2018
9028,LEONILDO BATISTA,PROS,NÃO ELEITO,1972,2018
9029,FABIA ALESSANDRA DANIELE,PROS,NÃO ELEITO,678,2018
9030,NELSON PEDRO MIGUEL,PROS,NÃO ELEITO,1726,2018
9031,MARELICE FONSECA MARQUES,PROS,NÃO ELEITO,254,2018
9032,ANDREIA MAIA DOS SANTOS,PROS,NÃO ELEITO,831,2018
9033,SEVERINO TARCICIO DA SILVA,PROS,NÃO ELEITO,6025,2018
9034,ELIAS AGOSTINHO,PROS,NÃO ELEITO,941,2018
9035,ANTONIO RAIMUNDO FEDOSSI,PROS,NÃO ELEITO,1040,2018
9036,CAROLINE VALVERDE DE CAMARGO,PROS,NÃO ELEITO,864,2018
9037,GERALNICE ALVES TEIXEIRA,PROS,NÃO ELEITO,346,2018
9038,GILBERTO DE ALMEIDA RIBEIRO,PROS,NÃO ELEITO,338,2018
9039,ALEXANDRE HENRIQUE ISAIAS,PROS,NÃO ELEITO,830,2018
9040,ALFREDO SOARES DE MOURA,PROS,NÃO ELEITO,7690,2018
9041,SILVANEY DE SOUSA CHAVES,PROS,NÃO ELEITO,621,2018
9042,GEORGES MARCELO EIVAZIAN,PROS,NÃO ELEITO,1467,2018
9043,ANGELO DOMINGOS NUCCI,PROS,NÃO ELEITO,4141,2018
9044,LEONICE DE OLIVEIRA,PROS,NÃO ELEITO,766,2018
9045,GLAUCO ROBSON VICENTE,PROS,NÃO ELEITO,1548,2018
9047,PATRICIA MARTINS FERREIRA,PROS,NÃO ELEITO,746,2018
9048,FERNANDO CESAR DE CAMARGO ROSSETO,PROS,NÃO ELEITO,1042,2018
9049,MARIA DE LOURDES CAVALCANTI SROUR,PROS,NÃO ELEITO,125,2018
9050,JOÃO BOSCO RIBEIRO,PROS,NÃO ELEITO,5007,2018
9051,FRANCINE APARECIDA DE ALMEIDA FELIZARDO,PROS,NÃO ELEITO,156,2018
9052,FABIANO VERGINE TEIXEIRA DE SIQUEIRA,PROS,NÃO ELEITO,2585,2018
9053,CARLOS ALBERTO MAIOLINO,PROS,NÃO ELEITO,737,2018
9054,NEUSA LEONORA DO CARMO DELLU,PROS,NÃO ELEITO,1272,2018
9055,ELIZABETE INACIO MACEDO,PROS,NÃO ELEITO,542,2018
9056,NARCISO REINATO NETO,PROS,NÃO ELEITO,166,2018
9057,LUIZ CARLOS CORREA DE MENDONÇA,PROS,NÃO ELEITO,286,2018
9058,KOYU IHA,PROS,NÃO ELEITO,2260,2018
9059,CELIO DOS REIS PEREIRA,PROS,NÃO ELEITO,152,2018
9060,JESSICA MAYRA BARBOSA DOS SANTOS,PROS,NÃO ELEITO,383,2018
9061,ANTONIO DOS ANJOS MELQUIADES,PROS,NÃO ELEITO,4734,2018
9062,THAYRINE DA SILVA PEREIRA,PROS,NÃO ELEITO,572,2018
9063,ADRIANO SANTOS PEREIRA,PROS,NÃO ELEITO,656,2018
9064,JESSICA FERNANDES ASNAR JACCOUD,PROS,NÃO ELEITO,195,2018
9065,FRANCISCO WILANI SAMPAIO BARBOSA,PROS,NÃO ELEITO,264,2018
9066,MANOEL DOMINGUES,PROS,NÃO ELEITO,492,2018
9067,MARCOS PAULO DA SILVA,PROS,NÃO ELEITO,344,2018
9068,THAIS ARAUJO FERRAIOLI,PROS,NÃO ELEITO,194,2018
9069,OSCAR MARONI FILHO,PROS,NÃO ELEITO,6361,2018
9070,NEIDE BARRUECO ANDRADE DE PAULA,PROS,NÃO ELEITO,659,2018
9071,JULIO RODRIGUES DA SILVA NETO,PROS,NÃO ELEITO,581,2018
9072,HUGO RENER CASTRO CORREIA,PROS,NÃO ELEITO,859,2018
9073,FRANCISCO DE ASSIS DA CRUZ,PROS,NÃO ELEITO,66,2018
9074,NELSON BATISTA DANTAS,PROS,NÃO ELEITO,756,2018
9075,FRANCISCA FERREIRA DE OLIVEIRA,PROS,NÃO ELEITO,143,2018
9076,TAISA FERREIRA DE LIMA RIBAS,PROS,NÃO ELEITO,181,2018
9077,DONISETE PEREIRA BRAGA,PROS,NÃO ELEITO,14735,2018
9078,DANIEL RODRIGUES BRANDO,PROS,NÃO ELEITO,301,2018
9079,MARCELO LUIZ MENDES DOS SANTOS,PROS,NÃO ELEITO,287,2018
9080,DANIEL DI DONATO,PROS,NÃO ELEITO,290,2018
9081,MARCELO FERREIRA DOS SANTOS,PROS,NÃO ELEITO,1688,2018
9082,ANDRÉ LUIZ DE TOLEDO,PROS,NÃO ELEITO,644,2018
9083,RONIVON DOS SANTOS MUNIZ,PROS,NÃO ELEITO,1170,2018
9084,REGINALDO LUCAS OUVERNEY,PROS,NÃO ELEITO,981,2018
9085,PATRICIA DE OLIVEIRA SOUZA LELIS,PROS,NÃO ELEITO,1605,2018
9086,CARLA ALESSANDRA RODRIGUES RUBIO,PROS,NÃO ELEITO,1204,2018
9087,SELMA MENDES MARQUES,PROS,NÃO ELEITO,476,2018
9088,RODRIGO ROSARIO DOS SANTOS,PROS,NÃO ELEITO,1802,2018
9089,BEETHOVEN ELIAS DE OLIVEIRA,PROS,NÃO ELEITO,546,2018
9090,RICARDO TEIXEIRA,PROS,NÃO ELEITO,30910,2018
9091,ADRIANO DOS ANJOS MAÇAIRA,PROS,NÃO ELEITO,1314,2018
9092,JOSÉ CARLOS DA SILVA,PROS,NÃO ELEITO,168,2018
9093,GEILDA BRANDÃO LAURINDO,PROS,NÃO ELEITO,134,2018
9094,JOSÉ ANTONIO PEREIRA,PROS,NÃO ELEITO,4123,2018
9095,IVO LOPES FILHO,PROS,NÃO ELEITO,1260,2018
9096,EDSON BORGES,PROS,NÃO ELEITO,467,2018
9097,OSVALDO APARECIDO NARIMOTO DE AZEVEDO,PROS,NÃO ELEITO,424,2018
9098,MARISTELA MIRANDA DE LIMA,PROS,NÃO ELEITO,307,2018
9099,JOÃO BERNARDINO LEITE,PROS,NÃO ELEITO,3288,2018
